formula,O-2p,hole_mass_11,hole_mass_22,hole_mass_33,bandgap,hole_mass_avg
K2Sn2O3,0.2639999999999999,0.2601829058920033,0.2601829058920033,0.2601829058920033,1.9424,0.2601829058920033
Rb2Sn2O3,0.285,0.2329545239348634,0.2329545229579233,0.3202193983131303,2.0496,0.26204281506863897
K2Pb2O3,0.378,0.3296925897557252,0.3296925897557252,0.3296925897557251,2.4279,0.3296925897557252
Rb2Pb2O3,0.39,0.3592657968653804,0.3592657968653804,0.3592657968653804,2.8664,0.35926579686538035
Cs2Pb2O3,0.402,0.4094453126313256,0.4094453126313256,0.4094453126313256,2.831799999999999,0.4094453126313256
Ba2TaBiO6,0.624,0.4164133152097667,0.468514543182568,0.4081108426318562,3.637900000000001,0.431012900341397
TiSnO3,0.32,0.370114770681479,0.3701147699798744,0.6564265879994775,1.7794999999999996,0.4655520428869437
Ca4Bi2O,0.0409999999999999,0.4540237464682363,0.4540237464682363,0.6120171096574138,1.1629000000000005,0.5066882008646288
Ca4Sb2O,0.0419999999999999,0.5002631858228852,0.5002631858228851,0.6789361758797258,1.383,0.5598208491751654
TiPbO3,0.5640000000000001,0.3965040961453345,0.3965040961453345,0.9230203031919796,2.3742000000000005,0.5720094984942162
B6O,0.118,0.6841539409828622,0.6841539381897794,0.3864667436325513,3.0224,0.5849248742683976
Ba2ZnMoO6,0.674,0.663375739386017,0.663375739386017,0.663375739386017,3.3137999999999996,0.663375739386017
Ba2ZnWO6,0.6719999999999999,0.6800740069108463,0.6800740069108463,0.680074006910846,4.5197,0.6800740069108461
CaNb2O4,0.256,0.5741925355862143,0.8699262039628952,0.6055775241188812,2.0084,0.6832320878893302
Tl4V2O7,0.225,0.4893147493011237,0.4893147494721357,1.149473465204143,3.1568000000000005,0.709367654659134
Sb2PbO6,0.578,0.8491260817469081,0.8491260823828535,0.4572641453104789,3.5384,0.71850543648008
As2PbO6,0.59,0.9103956015312406,0.9103956007547838,0.3703891192519131,3.924900000000001,0.7303934405126458
Ca4As2O,0.046,0.8370165710537496,0.8370165710537494,0.6513047292961336,1.8175000000000003,0.7751126238012108
NaNbO2,0.256,0.5669693760973882,0.5669693761317284,1.238144566130687,2.209199999999999,0.7906944394532678
Hg2WO4,0.276,0.4843710784985385,1.1386720624031457,0.8394620224031766,2.7385,0.8208350544349535
TlSbO3,0.2639999999999999,0.9782787013065188,0.9782787030383772,0.5083813429421666,3.7209,0.8216462490956875
Sr4Bi2O,0.023,0.4467760978153877,0.4467760978153876,1.6096892253410258,1.2590000000000003,0.8344138069906003
YZnAsO,0.044,0.4722832890211898,0.47228328902119,1.5665544260158135,1.6943,0.8370403346860643
VAg3HgO4,0.217,0.5083153023241587,1.1262358810785076,1.0099625826904934,1.9730000000000003,0.8815045886977199
LiNbO2,0.284,0.5402850217593212,0.5402850227120265,1.5913540161354724,2.2685000000000004,0.8906413535356067
Ba3Nb2CdO9,0.699,0.920384927361616,0.920384928484912,0.8797221369873418,4.5139000000000005,0.9068306642779568
Cs12Sn2As6O,0.0,0.8348849114900246,0.8348849106576595,1.1597205101022676,1.6458,0.9431634440833173
Tl3BO3,0.366,0.8919426352689122,0.8919426344476906,1.1117086327085086,2.0903000000000005,0.9651979674750372
Ba4AgAuO6,0.3639999999999999,1.664460846237397,0.5533326265694195,0.7835194618171871,3.152,1.000437644874668
NaBiO2,0.5519999999999999,0.6549290172360298,0.5817326587625979,1.798453758280485,1.8904999999999992,1.011705144759704
CaCdO2,0.64,1.334438018625707,1.3344380186257072,0.3677662033829031,1.9478,1.0122140802114392
LaZnAsO,0.0499999999999999,0.6825341061018235,0.6825341061018239,1.7599653810088136,1.0343999999999998,1.0416778644041538
PbWO4,0.5760000000000002,0.6784140411147285,1.7117315709404597,0.7568990662407065,3.6692,1.0490148927652982
BaO,0.604,1.0731620728570177,1.0731620728570177,1.073162072857018,3.8012,1.073162072857018
Sb2O3,0.4240000000000001,1.145608203168371,0.6674577166834395,1.45459249584263,3.0061,1.089219471898147
Hg(AsO3)2,0.608,1.286284484772267,1.286284487751565,0.7051594765515309,2.6295,1.0925761496917874
Sr4As2O,0.035,1.080442743091294,1.080442743091294,1.1886461903829018,1.7496000000000005,1.1165105588551631
YTl(WO4)2,0.3840000000000001,1.2706208444291,0.902698635047644,1.2280221724277045,3.973500000000001,1.133780550634816
Hg(SbO3)2,0.6020000000000001,1.3405312647438747,1.3405312626586705,0.837339205025018,2.2003000000000004,1.1728005774758545
Ba2BiSbO6,0.6080000000000001,1.938125181526944,0.5496017335560016,1.1082876250443086,2.9361,1.1986715133757515
BiBO3,0.572,1.1548580132067057,1.783055332473197,0.6741789041798613,4.583399999999999,1.2040307499532545
HgAsO3,0.2739999999999999,1.647346492912169,1.6473464875279826,0.3652385744758769,2.6072,1.2199771849720096
Sn5O6,0.296,0.618385968711055,0.4909890809733984,2.6009750095093147,2.2112000000000003,1.2367833530645893
RbBa4Sb3O,0.0,0.684366842665726,0.684366842665726,2.4147801578050174,1.5108,1.2611712810454898
SrO,0.678,1.2935233309035732,1.2935233309035732,1.2935233309035732,5.5625,1.2935233309035732
LiAg3O2,0.316,0.7976386565760487,2.780828949516587,0.3074672234913897,1.7203,1.295311609861342
TlPd3O4,0.1119999999999999,1.3137907107411937,1.3137907107411937,1.3137907107411937,1.8579,1.3137907107411937
Cd(GaO2)2,0.692,1.3264344405598465,1.326434440559846,1.3264344405598465,3.7634,1.3264344405598463
Ba3Nb2ZnO9,0.7120000000000001,1.2989441788830722,1.2989441796752974,1.3917400091812298,4.332,1.3298761225798665
VBiO4,0.552,1.803070269553436,1.803070269553436,0.4408922917276641,3.6032,1.349010943611512
MoPbO4,0.544,0.8440454661279544,0.8424461922537818,2.4336926296274455,3.37,1.3733947626697274
CaO,0.705,1.3878623817624014,1.3878623817624014,1.3878623817624014,6.1487,1.3878623817624014
Na3AgO2,0.3,1.216928727387464,2.5946737228743566,0.3874485420733535,2.9977000000000005,1.3996836641117245
AlSbO4,0.784,1.0414850072018451,1.4863119145377015,1.6761360823282736,4.2661,1.40131100135594
Tl2O,0.53,2.024228260387729,2.0242282486498606,0.1579002903484811,0.6478999999999999,1.4021189331286903
BeTlAsO4,0.288,1.6880149952469783,1.1797520834552755,1.3621389264913606,5.28,1.4099686683978714
BaLa2O4,0.6279999999999999,1.4153677263244546,1.4153677263244546,1.4153677263244546,5.6265,1.4153677263244546
TlPt3O4,0.056,1.417176378655092,1.4171763786550922,1.417176378655092,1.9668,1.417176378655092
Bi2O3,0.5720000000000001,1.3461074780024025,2.0299333850473067,0.9552892654644922,3.1369,1.4437767095047338
La2Hf2O7,0.7440000000000001,1.4557427330905262,1.4557427330905262,1.4557427330905262,6.4231,1.4557427330905262
GaAgO2,0.272,1.4686708875226533,1.468670885619196,1.4329253650306657,2.0340000000000007,1.4567557127241717
Pb3O4,0.4640000000000001,1.4948984478038794,1.4948984478038794,1.3919685646424944,2.1612,1.4605884867500845
Ag2BiO3,0.5599999999999999,1.9825430533204784,1.04151530321928,1.3754121492042968,0.8470000000000004,1.4664901685813518
CrCdO4,0.7159999999999999,1.242478407146068,1.6163915927705306,1.5408924205233134,3.8403,1.4665874734799706
KLi6BiO6,0.728,1.7909090204622888,1.7909090196325868,0.8666575024821205,3.8761,1.4828251808589987
Y2Sn2O7,0.764,1.4995259590728724,1.4995259590728724,1.4995259590728722,5.0691999999999995,1.4995259590728722
Ba4PtO6,0.5159999999999999,1.645282804013912,1.6452828028530435,1.22224539466573,3.6014999999999997,1.5042703338442287
Mg(SbO3)2,0.7760000000000002,1.4705430454996078,1.4705430454996071,1.6113962543169928,3.5694999999999997,1.5174941151054024
Cd(AsO3)2,0.6940000000000001,1.6581859204588596,1.6581859189009476,1.242493346848552,4.5475,1.5196217287361196
Ba2LaBiO6,0.6720000000000002,2.0353097434569136,1.0428111763231511,1.4996810236816471,3.5502,1.5259339811539039
Ba4PdO6,0.564,1.689145349097275,1.6891453507193648,1.2241675192917507,3.0115000000000003,1.5341527397027968
Ba2Bi2O5,0.5800000000000001,1.618776037790124,1.13536872062973,1.8521181666272095,3.067499999999999,1.535420975015688
CaTiO3,0.7680000000000002,1.7684287280267648,1.280578434450496,1.5763588850186483,3.4723999999999995,1.5417886824986364
SnB4O7,0.47,1.318678526378246,1.5667645277549074,1.7741905646143743,5.466799999999999,1.5532112062491759
SnO2,0.768,1.3917547474097902,1.39175474740979,1.8889833609764837,3.0869,1.5574976185986882
Zn(GaO2)2,0.688,1.5645504349007118,1.5645504349007118,1.5645504349007118,5.0975,1.5645504349007118
GaSbO4,0.782,1.111232903765607,1.705231668726736,1.8901089667878064,3.2139,1.5688578464267167
KTlO,0.356,1.8377714808363377,1.5794798575873523,1.3050003740325409,2.1796,1.5740839041520769
VAg3O4,0.3719999999999999,2.0472355104939344,1.7181483101965485,1.0359231271384286,1.8390999999999995,1.6004356492763037
Y2Pb2O7,0.766,1.6072840485584412,1.6072840485584412,1.6072840485584412,2.4149000000000003,1.6072840485584414
Bi2Pt2O7,0.408,1.6142876904473018,1.6142876904473016,1.6142876904473016,1.5286999999999995,1.6142876904473014
Cs2HgO2,0.616,1.4823904520985431,1.482390452098543,1.88315053186678,4.5877,1.6159771453546223
LiSb3O8,0.7720000000000004,1.5292705566301972,1.5641991860454674,1.757292330268015,3.279,1.6169206909812266
Y2Pt2O7,0.376,1.6189636670908496,1.6189636670908496,1.6189636670908496,2.8507,1.6189636670908498
Tl2Pt2O7,0.452,1.620415556412146,1.620415556412146,1.6204155564121456,1.5457,1.620415556412146
K2Cd2O3,0.614,1.5535330087046877,0.9800742088398264,2.328465692987353,2.0759,1.6206909701772887
Ba2ZrSnO6,0.74,1.6290279239882148,1.6290279239882148,1.6290279239882148,6.1636999999999995,1.6290279239882148
Mg(SbO2)2,0.4520000000000002,1.492299880688532,1.4922998806885326,1.9422267527827504,3.7888,1.6422755047199384
La2Zr2O7,0.7380000000000001,1.6438444772827008,1.6438444772827008,1.6438444772827008,5.8523,1.6438444772827008
B4PbO7,0.6120000000000001,1.233506687909002,1.7030168522851126,1.996290443171763,6.3854,1.6442713277886256
Rb2SnO2,0.348,1.720468521788875,1.670642207568412,1.5801692621429642,3.856700000000001,1.6570933305000837
Ca3CdO4,0.652,1.892757254080131,1.567957397371492,1.5584498741748372,4.797499999999999,1.6730548418754865
Cd3SiO5,0.6460000000000001,1.1783612237345134,1.1783612237345134,2.6938771923967564,2.9297,1.6835332132885945
Al2ZnO4,0.6799999999999999,1.6852223033834324,1.6852223033834324,1.6852223033834324,7.340700000000001,1.6852223033834324
Sc2Pt2O7,0.372,1.6948106028542944,1.6948106028542935,1.6948106028542935,3.1181,1.6948106028542937
SrPbO3,0.7279999999999999,1.0265359733041042,2.465218078463401,1.671067812714755,1.7071999999999998,1.7209406214940868
Ta2Cd2O7,0.6160000000000001,1.732552138237552,1.732552138237552,1.732552138237552,3.621,1.732552138237552
CdAuO2,0.5,1.410514534772099,1.5313015837058437,2.2612738694722267,1.9834,1.7343633293167233
TiCdO3,0.694,1.596775724483705,1.5967757307704689,2.0646376685522676,4.3587,1.7527297079354807
Li2PbO3,0.7319999999999999,1.9641430711557184,1.806218731572425,1.491469501059098,2.4227999999999996,1.7539437679290806
MgTa2O6,0.776,1.675092932342015,1.675092932342015,1.9258328918409071,4.538499999999999,1.758672918841646
La2Pt2O7,0.388,1.75982942656938,1.75982942656938,1.75982942656938,2.1244999999999994,1.75982942656938
Li2HgO2,0.718,1.3638577551317137,1.3638577551317137,2.553809156646569,2.4527,1.7605082223033321
Ba2PbO4,0.6819999999999999,1.797330115383445,1.797330115383445,1.6976091057837246,2.6636,1.7640897788502048
ScAgO2,0.228,1.4950842994714748,1.4950842958718054,2.3196125959159324,3.6181,1.7699270637530706
LiScO2,0.74,1.5298426902149336,1.5298426902149336,2.2672084845799274,6.1031,1.7756312883365981
CaHgO2,0.6819999999999999,2.2218245052420156,2.221824499736647,0.894631691170854,4.3662,1.7794268987165056
LiAgO2,0.696,2.608930674330369,1.469298535502796,1.280758308462545,1.913,1.7863291727652364
La2Sn2O7,0.7520000000000001,1.788048140702219,1.788048140702219,1.788048140702219,4.878900000000001,1.7880481407022188
RbYO2,0.678,1.6118210305955774,1.6118210287007186,2.1575157396691744,6.084300000000001,1.7937192663218233
VInO4,0.7399999999999999,1.245962735939786,1.9857157098822664,2.173910409431923,5.1493,1.8018629517513254
LaVO4,0.73,1.5246607328356554,1.5246607328356556,2.36932930341853,4.9328,1.806216923029947
Ba2CePtO6,0.396,1.8349299761575837,1.8349299761575837,1.8349299761575837,2.8753,1.8349299761575837
ZnO,0.588,1.5747848507803752,1.5747848492547962,2.4080578701794004,3.1484,1.8525425234048576
BaHgO2,0.618,2.2605289079434483,2.260528914337774,1.0369859869751914,4.7979,1.8526812697521375
Ba3MgTa2O9,0.75,1.8069704121921168,1.80697041018096,1.9791540816735176,5.1407,1.8643649680155316
Ba(AgO)2,0.296,1.1573308009858272,1.1573308009858276,3.284727293090444,3.1586,1.8664629650206994
Mg2PtO4,0.472,1.20687802090732,2.941399461197324,1.466298152010716,3.3459000000000003,1.8715252113717868
KBiO2,0.532,1.4118837095313272,1.3173287451927909,2.91651644605788,3.2183,1.8819096335939995
Ba3Ta2ZnO9,0.747,1.6795427611171505,1.6795427593730785,2.304766565811208,5.148,1.8879506954338126
Sr4PdO6,0.5399999999999999,2.0155693272092625,2.01556933123629,1.642736695331409,3.5843000000000007,1.8912917845923207
ZnWO4,0.6439999999999999,1.591543106184088,2.7310781770572783,1.351609223035675,4.284800000000001,1.8914101687590137
Ba3MgNb2O9,0.753,1.889916174630678,1.889916172908652,1.899325232176761,4.3713,1.8930525265720304
Li2ZrO3,0.7380000000000001,1.6875630812653732,1.9320750420789592,2.0821663256257494,6.2036,1.9006014829900273
HgO,0.602,1.4450605516313586,0.6566729138638838,3.612565693167055,2.2824,1.904766386220766
RbTlO,0.368,1.6511658453317062,1.6208938334918328,2.4629317182294996,2.3529,1.9116637990176795
Ba3MgTaNbO9,0.75,1.883125425554164,1.8831254226838336,1.9869419593579551,4.6639,1.9177309358653176
CsLaO2,0.644,1.8785260342904644,1.878526040053096,2.0032056437257295,4.8801000000000005,1.9200859060230968
CsYO2,0.652,2.5298184489982662,2.529818444928908,0.7140816345700723,4.869400000000001,1.9245728428324156
As2O3,0.4319999999999999,2.137002521655813,1.2004215228809865,2.4366788505106274,5.3431,1.9247009650158091
BaSnO3,0.7439999999999999,1.9288290188832795,1.9288290188832795,1.9288290188832795,2.6303000000000005,1.9288290188832795
Nb2SnO6,0.3,0.7162755977095813,3.928770858392938,1.15603333269954,2.3076000000000003,1.9336932629340196
BaZrO3,0.738,1.958223538448764,1.958223538448764,1.958223538448764,5.009,1.958223538448764
Li2HfO3,0.7460000000000001,1.4815978728352956,2.278135770216564,2.1404769830458426,6.7959,1.9667368753659007
BaHfO3,0.74,1.981144180734221,1.981144180734221,1.981144180734221,5.4862,1.981144180734221
AgAuO2,0.3,3.704456737314416,0.7147095999242005,1.5331100844686545,1.2439999999999998,1.9840921405690903
KTaO3,0.77,1.988897688136908,1.988897688136908,1.9888976881369091,3.5482,1.9888976881369083
SrHgO2,0.66,2.5859619938513365,2.5859619770246276,0.8414110380477736,4.7047,2.0044450029745793
Ba2ScTaO6,0.748,2.00942407108278,2.00942407108278,2.00942407108278,4.7564,2.00942407108278
Li2O,0.7030000000000001,2.011854117604148,2.0118541176041487,2.011854117604148,8.2887,2.0118541176041482
SrSnO3,0.718,2.3031033688741043,1.9088765276659532,1.8565529331876465,3.9823,2.0228442765759014
Ba2ScCuO4,0.5349999999999999,2.4598352403203725,2.4598352403203725,1.160611468888732,3.8233,2.0267606498431587
BaTiO3,0.76,2.0364681170979817,2.036468107154578,2.0102113402352564,3.2929000000000004,2.0277158548292724
Ba3MgSb2O9,0.7380000000000001,1.6643731627286786,1.664373163859027,2.755813768911961,5.3481,2.028186698499889
Ba2ScNbO6,0.748,2.029860918249983,2.029860918249983,2.0298609182499834,4.190099999999999,2.0298609182499834
KNbO3,0.767,2.0375884387612415,2.0375884401228226,2.018316390213611,3.608,2.0311644230325583
Ba3ZnSb2O9,0.7400000000000001,1.561810920440542,1.5618109169160816,2.9812825025027587,4.5222,2.0349681132864608
Ba2SnO4,0.6869999999999999,2.314680949234751,2.314680949234752,1.4784828735943516,4.7919,2.0359482573546184
Ba2MgWO6,0.756,2.044996679925182,2.044996679925182,2.044996679925182,4.579599999999999,2.044996679925182
Ba4Na(SbO4)3,0.744,2.062616893391118,2.062616893391118,2.062616893391118,3.8484,2.062616893391118
RbTlO2,0.678,1.3640611579768671,1.364061165341515,3.4912161862353437,2.3270999999999997,2.073112836517909
SrTiO3,0.758,2.573795043042439,2.573795043042439,1.093836025829978,3.0872999999999995,2.0804753706382852
LiCdBO3,0.721,1.8935895517722696,1.8935895497341253,2.4621549633168125,5.0889999999999995,2.083111354941069
Ba2MgMoO6,0.756,2.0903916385328514,2.0903916385328514,2.0903916385328514,3.438400000000001,2.0903916385328514
MgO,0.7470000000000001,2.097823279476968,2.097823279476968,2.0978232794769673,7.8986,2.097823279476968
Sr5(AuO4)2,0.536,1.4133472956937774,1.4133472956937772,3.4814871283487667,3.3514999999999997,2.1027272399121073
BeO,0.782,2.5413673257429745,2.5413673182239234,1.2539175155179978,11.0232,2.112217386494965
Ba3CaTa2O9,0.743,1.988559986712421,1.9885599834344816,2.3725240554429217,5.119400000000001,2.1165480085299415
Sr2TiO4,0.72,2.691034542116643,2.6910345421166424,1.0040563263197857,3.4760999999999997,2.128708470184357
LaAsO4,0.7300000000000001,1.3912545008197583,1.391254500819758,3.613945376689995,6.8296,2.1321514594431705
RbLaO2,0.594,1.7701073444083593,1.7701073338896565,2.8813215692549505,5.665100000000001,2.1405120825176556
Sr3Ti2O7,0.744,2.521466670894505,2.5214666708945055,1.390887706902268,3.2629,2.144607016230426
AlAgO2,0.288,2.298101163104155,2.2981011684631913,1.8518549247205192,2.9765000000000006,2.149352418762622
NaAg3O2,0.312,0.6419571456686873,5.117462099970265,0.7046082458457333,1.7442000000000002,2.154675830494895
Cu2PbO2,0.178,3.005556009411692,2.433288265196191,1.0254980699734637,1.3041999999999998,2.1547807815271156
LaSb5O12,0.504,1.4030473976633355,1.4030473942186528,3.684570769748315,4.976800000000001,2.163555187210101
Ba4Li(SbO4)3,0.74,2.1730060785952916,2.1730060785952916,2.1730060785952916,3.7193,2.1730060785952916
Y3SbO7,0.7420000000000002,0.8209536791817819,2.676920858955389,3.0300340709154945,5.2333,2.1759695363508884
Ba2HfO4,0.689,2.8116295768465034,2.8116295768465034,0.9160070812361728,5.4018,2.1797554116430597
CdWO4,0.696,1.215168148904167,3.5705808154080447,1.7598198427894909,4.5189,2.181856269033901
Ba3CaNb2O9,0.743,2.1275321910937417,2.1275321872310227,2.3829445650072363,4.4326,2.2126696477773335
InBO3,0.756,1.359391193223369,1.3593911944126351,3.943355110728117,5.5877,2.220712499454707
In6Ge2PtO9,0.24,2.2231958540181194,2.2231958540181194,2.2231958540181194,2.3949,2.2231958540181194
CsCdBO3,0.687,2.2300869624424937,2.2300869624424937,2.2300869624424937,4.7649,2.2300869624424937
Ca2Ti3O8,0.7559999999999999,2.1453795771865223,2.73053459994098,1.868029408614853,4.3349,2.2479811952474518
Al4Bi2O9,0.6320000000000001,0.7685165770511861,3.3473156507116704,2.6445262777761,4.447100000000001,2.2534528351796523
LiAgO,0.356,1.6484929632037968,1.6484929632037972,3.46927882106744,2.6024999999999996,2.255421582491678
KLi6TaO6,0.738,1.3820488738539745,1.3820488732597491,4.1138231442197055,7.2512,2.292640297111143
Sr3CdPtO6,0.4600000000000001,2.906347439798755,2.906347433606535,1.0664432410245142,4.0519,2.293046038143268
BaAl2Sb2O7,0.384,2.936358205002587,2.936358209515168,1.0249477052060805,5.3632,2.2992213732412785
CsSr2Ta3O10,0.737,2.1696871354797396,2.1696871354797396,2.5603701208778955,3.829699999999999,2.299914797279125
Li3BiO4,0.7320000000000001,2.030010927522921,2.528898967424832,2.353061752416882,3.3453999999999997,2.303990549121545
RbLa(MoO4)2,0.7360000000000002,2.456439848220051,2.456439848220051,2.0247768897892096,5.8047,2.3125521954097707
RbTa(BO3)2,0.7479999999999998,2.1248901834464564,3.516557774075902,1.307979286196412,6.206300000000001,2.316475747906257
Li2TiO3,0.7679999999999999,2.8536666695426316,2.916763999118852,1.183235689918707,4.7355,2.317888786193397
Ta2SnO6,0.276,1.0088000923639622,4.902203689234642,1.0456688722197334,2.9731000000000005,2.3188908846061125
Na2PtO3,0.464,2.9885207315591606,1.360050156766192,2.6142582210250995,3.4814,2.3209430364501507
BAsO4,0.752,2.513100451911836,2.5129775217527532,1.9797449316947928,8.0243,2.335274301786461
Zn2PtO4,0.588,0.7939612670767153,4.047723706355305,2.1758740593071852,2.3529000000000004,2.339186344246402
Sr4PtO6,0.4959999999999999,2.6431942842224694,2.643194282185256,1.7747417931521536,4.3514,2.3537101198532926
Sr2ScSbO6,0.724,2.148937733668774,2.312894666740021,2.6138106540878803,6.0280000000000005,2.358547684832225
Rb2Cd2O3,0.63,1.194900915556449,2.0622654191841283,3.8206689179885926,2.1318,2.3592784175763897
SrSc2O4,0.7320000000000002,2.161751223195537,3.1996192175256595,1.82482952599038,5.4492,2.395399988903859
Na2Zn2O3,0.6080000000000001,2.394087893651126,2.3940878936511263,2.4097662205943173,3.9982,2.39931400263219
MgV2O6,0.756,1.1686340005694726,3.328268791764677,2.7012164759021067,3.7914,2.3993730894120855
KBi(WO4)2,0.6279999999999999,3.3908951507330074,0.6883387699434753,3.1313563098252963,3.806999999999999,2.4035300768339263
Sr2MgWO6,0.7480000000000001,3.016982468761569,3.0156151301921814,1.2993467740324822,4.8318,2.4439814576620775
Sr2ZnSi2O7,0.6400000000000001,2.831731562493506,2.831731562493506,1.6774110403142577,7.3807,2.4469580551004233
Sr3ZnPtO6,0.452,3.137461495007114,3.137461495821747,1.090366293954926,4.8386000000000005,2.455096428261262
Rb2MgO2,0.66,3.380298194986864,1.3250110381950868,2.664643786516408,5.3239,2.4566510065661196
Sc2Ti2O7,0.728,1.3638135823185071,3.5468074730774153,2.4602035964656186,5.2797,2.4569415506205137
Sr2LaBiO6,0.6839999999999998,3.1291179000700993,2.9564154017554376,1.2931026509839978,3.609399999999999,2.4595453176031783
Ba4InSbO8,0.6740000000000002,1.1050167946706808,3.096669059631593,3.2047874889191497,4.5916,2.468824447740474
NaBO2,0.744,1.2021975747830882,1.202197575310386,5.010479132795952,8.307,2.471624760963142
Rb2Zn3O4,0.6079999999999999,3.0383802505037387,2.079266982555115,2.3135151139005075,4.1502,2.4770541156531203
As2PbO4,0.4640000000000002,1.4864910577605044,4.894593373032025,1.085623725704936,4.2247,2.4889027188324886
Sr(CuO)2,0.16,1.2274664811562797,1.2274664811562794,5.040737054544204,3.2567999999999997,2.4985566722855874
Li2PdO2,0.302,1.3575474100225111,3.700844649758811,2.443412672931776,3.2722,2.5006015775710324
LaSbO4,0.6920000000000002,2.5315102612960954,2.1419345131160172,2.8749785280719884,5.490599999999999,2.5161411008280337
BiO2,0.6059999999999999,2.641671952839509,3.96609683902203,0.9511783912802686,2.0599000000000003,2.5196490610472693
LiCuO,0.184,2.363514624887074,2.363514624887074,2.848620079990059,2.6910000000000003,2.525216443254736
Ba2YTaO6,0.728,2.957090351581375,2.9579665590153277,1.6606124118385246,5.4216999999999995,2.5252231074784093
BeAl2O4,0.7760000000000002,0.7920716583606038,2.9847003408024095,3.8127293946238265,9.6656,2.5298337979289465
RbBiO2,0.532,1.9409940975827435,1.873854783067591,3.783914513628141,3.6184,2.5329211314261584
NbInO4,0.744,2.1503610952236385,3.309668196244804,2.1611407640276132,4.8258,2.540390018498685
CaSc2O4,0.7400000000000001,1.3927807005067734,4.442483017862674,1.7863635172537653,5.4879,2.5405424118744047
Sr2InSbO6,0.7240000000000002,2.24070722006603,2.668691365540122,2.714305762855815,3.9493,2.5412347828206556
Li2CaGeO4,0.728,2.745262876984461,2.745262876984462,2.1381990042185457,7.1129,2.542908252729156
Li2SiO3,0.73,2.387226979083724,3.2631953905884132,1.985983283218416,9.0519,2.5454685509635175
Ba2ZrO4,0.684,3.3654341495077684,3.365434149507769,0.9424625598532212,5.084200000000001,2.5577769529562526
Sr2MgMoO6,0.75,3.163039339905564,3.1611307684187766,1.352108054357839,3.5877999999999997,2.5587593875607264
SrBe3O4,0.724,3.2861517262079567,3.2861517192702276,1.1080617716037764,7.0367,2.5601217390273203
TaBO4,0.7919999999999999,1.5723923067030858,1.5723923067030865,4.558116296037638,5.3353,2.56763363648127
NbBO4,0.7839999999999999,1.6605502570121122,1.6605502570121122,4.389221009340715,4.0565999999999995,2.57010717445498
Ba3Hf2O7,0.7080000000000002,2.876662324108308,2.8766623241083087,1.9737334068633423,5.567,2.575686018359986
LaTaO4,0.7200000000000002,3.2062239085936963,2.2301347246427135,2.3404069497286506,5.117,2.592255194321687
BaBe2(BO3)2,0.736,4.199884689131863,2.0467785194719545,1.5582099638402092,8.9592,2.6016243908146754
La2Be2GeO7,0.656,2.5782804755895325,2.5782804755895325,2.6680971157526745,6.5091,2.608219355643913
KLiZn3O4,0.61,3.99627346836304,1.4473019944034795,2.452460833510822,4.3629999999999995,2.632012098759114
Au2O3,0.527,1.8878568777837488,2.361889716648981,3.676530476113146,1.9444000000000004,2.642092356848625
NaSc(SiO3)2,0.7320000000000001,3.689812448865093,1.393854615012801,2.8933208472816037,8.3958,2.658995970386499
Ba2LaTaO6,0.694,2.153707421866225,3.713903001966144,2.121098733383853,5.481199999999999,2.6629030524054076
NaCuO2,0.584,2.1877238295877692,4.626158169428656,1.1766498526715952,2.8653000000000004,2.66351061722934
NaTlO,0.266,1.2744888935550212,1.274488892696977,5.445060432968182,1.8307,2.664679406406727
LaScO3,0.7240000000000002,1.9977433408379075,2.307952974011976,3.692656265654066,5.926,2.66611752683465
Sr3LiSbO6,0.7200000000000001,3.2683585196481304,3.2683585226561425,1.4632185671472282,5.9508,2.6666452031505004
KTlO2,0.676,1.4720166503329744,1.4720166529223702,5.058796019882054,2.3447,2.6676097743791325
NaSr3SbO6,0.7160000000000001,2.9853458628296567,2.9853458553296273,2.042677956309462,5.7547999999999995,2.671123224822915
Li8PtO6,0.446,2.8106637895486157,2.81066377897607,2.4879564133245538,4.8213,2.7030946606164132
Li5BiO5,0.742,1.838240870122952,5.616461917917268,0.6754940683484144,3.5577,2.7100656187962113
Na2HgO2,0.676,2.5299123184359376,2.5299123184359376,3.070907328508694,3.7485,2.71024398846019
ScBO3,0.76,2.245930705945293,2.245930697087352,3.6853846209568673,6.8485000000000005,2.7257486746631705
Ba3Zr2O7,0.71,3.00301033840406,3.003010338404059,2.181945971884073,5.1017,2.729322216230731
Li3SbO4,0.7360000000000001,2.605645163712972,3.3343587105794112,2.258687948567115,5.9939,2.732897274286499
Cd2SiO4,0.6849999999999998,2.2278766068737217,3.5705642611746655,2.404608754941526,3.8669,2.7343498743299706
LaAsO3,0.512,0.6709919217534802,6.328643730169584,1.2452974494118003,4.1139,2.7483110337782883
LiMgVO4,0.7320000000000001,0.800539005400075,3.588854665503772,3.8866525208951734,5.7452000000000005,2.7586820639330067
Sr3MgPtO6,0.4200000000000001,3.4742615023343446,3.474261505820232,1.355112930276837,4.9978,2.7678786461438047
TaInO4,0.7479999999999999,2.5975439269247245,3.3977964009763637,2.3404981799748943,5.5655,2.778612835958661
MgTi2O5,0.7619999999999999,4.3445654959501105,3.4904778235612084,0.5203959963480825,4.1609,2.7851464386198006
KInO2,0.702,1.2879929863388764,1.2879929884083503,5.790344294858819,4.4089,2.7887767565353485
LiGaO2,0.7239999999999999,3.965616163174978,3.565778508431552,0.8770559198431237,6.2866,2.8028168638165507
SrBiO3,0.6020000000000001,0.7903875166288782,0.5862171074438145,7.039037734614002,0.8518999999999997,2.8052141195622315
Mg2SiO4,0.7399999999999998,1.4282496736114572,1.8849324624536337,5.133455190623645,8.375399999999999,2.8155457755629123
CsCuO2,0.548,2.9773959760618594,3.0210802224097733,2.480657540251203,3.765,2.8263779129076116
Na2ZnO2,0.6160000000000001,2.6312786034583193,3.5102957785755637,2.3505734334334485,4.3217,2.8307159384891105
VAgO3,0.26,2.544522036891341,4.2606449445327,1.6885571337533154,2.673,2.831241371725785
GaBPbO4,0.5000000000000001,3.362252008020008,4.012810972450177,1.1241293949270332,4.8388,2.833064125132406
Ba2Mg(BO3)2,0.762,0.9864250369927868,0.986425040576494,6.552860859550243,7.6895,2.8419036457065077
SbO2,0.408,1.5518030124508253,3.5124936644907625,3.5204060350197808,3.3436000000000003,2.8615675706537895
Ba3NaSbO6,0.704,3.3251319557719494,3.325131950866775,1.9537106983693897,5.3456,2.8679915350027048
Ba3BAsO3,0.0,4.170739175805112,4.170739167432575,0.2790456819996427,2.5067999999999997,2.873508008412443
Ag2HgO2,0.304,3.645781431987676,3.645781431987676,1.3697077985356396,1.0446000000000004,2.8870902208369973
CsCu3O2,0.18,0.7443375979935968,0.7443375974319454,7.230781117907903,3.3697999999999997,2.9064854377778153
Zn(SbO3)2,0.636,0.9281564265174844,0.9281564265174844,6.865792277088468,2.9451,2.907368376707812
Tl2SnO3,0.242,1.0934767758791424,0.4092516709450635,7.229682338374517,1.7176,2.910803595066241
Sr2CdWO6,0.6839999999999999,1.9899460437772905,2.2478925407819075,4.506617096506318,4.8218,2.914818560355172
ScAsO4,0.7519999999999999,2.058749247064034,2.0587492470640343,4.627499529887645,6.1395,2.914999341338571
Ba3NaBiO6,0.7,3.5150243201999904,3.5150243286184635,1.7564727654369676,3.8926,2.9288404714184737
GePbO3,0.4620000000000001,3.633143918409607,3.633143919929482,1.5249540364319074,4.3591,2.930413958256999
HfSiO4,0.7599999999999999,1.7811730441681657,1.7811730441681657,5.264434209291878,8.0133,2.942260099209403
K3AuO,0.609,2.943628946499434,2.943628946499434,2.943628946499434,1.6006,2.943628946499434
In2Pt2O7,0.408,2.9469042575028257,2.9469042575028257,2.9469042575028253,3.4617999999999993,2.9469042575028257
RbScO2,0.676,3.4939378092335436,3.4939378242725634,1.8708392697816596,5.642099999999999,2.952904967762589
SrGePbO4,0.544,4.714922184546249,2.39323501569223,1.7808361575400016,5.2884,2.96299778592616
TiBi2O5,0.6200000000000001,0.7356506662879738,4.334367068173789,3.8290706892731263,3.895000000000001,2.9663628079116293
BaZnO2,0.592,2.8041154874497427,2.8041154860488087,3.3012893819156077,4.6575,2.9698401184713865
CsTa(BO3)2,0.738,2.1800561813254156,5.45087872580867,1.2906265792397664,5.8651,2.973853828791284
CaAgAsO4,0.35,6.640906187834122,1.3535424199848434,0.9459205980631424,3.6746,2.9801230686273694
ZrSiO4,0.7599999999999999,1.7783498257028223,1.7783498257028223,5.411940202598377,7.2014000000000005,2.98954661800134
CaHfO3,0.7400000000000001,4.7518738092295525,1.1710526662772864,3.0502849760864934,6.6909,2.991070483864444
SrTlVO4,0.408,1.0151638220999653,6.998229489524066,0.964065678601869,4.475999999999999,2.9924863300753004
LiAlO2,0.7119999999999999,2.6194419215193947,2.6194419215193947,3.7824432532320063,8.3345,3.007109032090265
Mg2GeO4,0.7400000000000002,1.0945545665283845,3.652131590353595,4.30051023190071,6.4839,3.0157321295942303
TlSbWO6,0.466,1.973077664633172,2.0336285732998314,5.04328851171903,4.1902,3.0166649165506776
BaCeO3,0.5840000000000001,2.6714442365136475,2.698157099404505,3.6862734689876295,4.2856,3.018624934968594
MgAl2O4,0.7559999999999999,3.0336368135820013,3.0336368135820013,3.0336368135820013,8.5952,3.0336368135820013
Cd2Sb2O7,0.59,3.034513004165513,3.034513004165513,3.034513004165513,2.3010000000000006,3.034513004165513
Ba3Sn2O7,0.7120000000000002,3.645799235057004,3.645799235057004,1.816076310445732,3.8296,3.0358915935199136
Li6ZnO4,0.648,2.5797091557762477,2.5797091557762477,3.950776304340654,6.9801,3.03673153863105
Rb2Si3SnO9,0.7420000000000002,3.576537240294784,3.5765372391080663,2.003382797563967,7.6941,3.052152425655606
AlCuO2,0.128,1.7954538000882485,1.7954538003206837,5.590479796947369,3.913500000000001,3.060462465785433
Li2WO4,0.748,3.218025926277634,3.9794658220701264,2.00467111039734,5.7178,3.0673876195817
Ba(SbO3)2,0.722,3.274242864286441,3.2742428631300493,2.681447337658527,5.7925,3.076644355025006
LiNbO3,0.7490000000000001,1.9730261774087043,1.9730261856649476,5.287507997643996,4.8370999999999995,3.077853453572549
LiTaO3,0.7509999999999999,3.085100711549418,3.0851007127352466,3.0709617981026396,5.386699999999999,3.080387740795768
LiInO2,0.722,1.1337628413760945,1.1337628413760952,7.007645475128541,3.8927,3.091723719293577
RbSbMoO6,0.752,2.299013474133506,2.3878615160883636,4.596274877653476,4.1071,3.094383289291782
Ca2PbO4,0.716,4.001143237994593,1.0663829640546416,4.220150040428424,3.103800000000001,3.095892080825886
SbAsO3,0.38,3.899000904362309,2.5760289599802264,2.812934822163682,4.780200000000001,3.095988228835406
Li2SnO3,0.736,3.195869635042922,3.7278012585133458,2.374594226234928,5.945600000000001,3.0994217065970653
Ca4PdO6,0.5359999999999999,3.0570913345526725,3.057091335841662,3.270853542840258,3.7962,3.128345404411531
BaLa2PtO5,0.304,4.038323334836404,4.038323334836404,1.320985969395147,3.7211000000000007,3.1325442130226517
K3Y(BO3)2,0.7520000000000002,6.63327018209103,1.4881844173472558,1.3035619084649568,6.5052,3.141672169301081
YTaO4,0.7360000000000002,3.1188299450763717,3.198218521503184,3.1092464482207474,6.05,3.142098304933434
KLiZnO2,0.626,2.0841144609008704,1.9418070624467456,5.424353392251948,5.1558,3.1500916385331883
LiIn(WO4)2,0.7560000000000002,4.427403471793294,3.79963393448237,1.2486199670599587,4.779,3.158552457778541
LaNbO4,0.7239999999999999,2.3621821024936054,2.362017863167238,4.78429564475892,5.836500000000001,3.169498536806588
Rb2Li3GaO4,0.6799999999999998,2.6546626130557995,3.6455626890482766,3.247407281792582,6.7627999999999995,3.1825441946322193
MgAlBO4,0.7539999999999999,5.125750813581341,2.083480583610182,2.3482733509849805,9.8764,3.1858349160588344
KYO2,0.7000000000000001,1.5923219712117007,1.592321968168302,6.3868737155061215,6.650600000000001,3.1905058849620413
Hg2GeO4,0.552,2.3280227203786255,4.090701937525746,3.1588653877263235,2.1616999999999997,3.1925300152102323
MgWO4,0.752,3.0213941099794512,4.732610574749943,1.8648759560649637,5.1309,3.206293546931453
Ba2CaWO6,0.7320000000000001,3.4906010027583747,2.9569088423686853,3.1723343260031367,4.6526,3.2066147237100657
Li4GeO4,0.736,3.9722958509487514,4.603975524602715,1.04804484317824,7.518,3.2081054062432357
BaCdO2,0.652,0.6816419412620666,6.035943851812059,2.912996241230767,2.433,3.210194011434964
SrHfO3,0.71,4.287433092649444,2.3587112376084693,2.990169910271197,6.3526,3.212104746843037
CdBiO3,0.6160000000000001,3.203829255117132,3.2038292423217225,3.238946453259225,1.5419999999999998,3.2155349835660267
K2Zn3O4,0.604,5.627114759623698,1.8909532086930632,2.1382382672628952,4.1168,3.2187687451932185
ScNbO4,0.7480000000000001,3.396951177406834,3.2676525073746956,2.99891549082452,4.905600000000001,3.2211730585353497
Sr2Sb2O7,0.728,6.5868565789298685,1.836197962041789,1.2610110870392692,3.8392,3.2280218760036425
Sr3LiTaO6,0.716,3.8684498389092794,3.868449831443937,1.9496187530840796,6.052700000000001,3.2288394744790985
BaY2O4,0.7,5.160650173894074,2.258591121656384,2.26851008569395,5.3302000000000005,3.229250460414803
Li6Hf2O7,0.732,3.6556146058775743,1.3538120943975402,4.702914775308474,7.0007,3.237447158527863
CsCuO,0.16,5.831235140289908,3.564965918920093,0.3606262624128425,3.1836,3.252275773874281
Na4SnO3,0.358,5.5055335323479095,1.1403130453597243,3.1209791407159937,3.4282000000000004,3.255608572807876
Li5SbO5,0.744,2.517758041465614,6.345688838980254,0.9167318899994076,6.0473,3.2600595901484257
CaSnO3,0.718,2.800070624436149,2.8000706346842934,4.185134196394521,5.568,3.2617584851716543
GaCuO2,0.124,2.1867604455076126,2.1867604550856687,5.426681100177119,2.6372,3.2667340002568004
BiSbO4,0.6040000000000001,3.3877413105673626,4.126183482418126,2.2901222037091498,4.262,3.2680156655648793
TlBi(WO4)2,0.6220000000000001,4.8762450945840135,0.7953194832267289,4.138256627315737,3.5336,3.2699404017088263
RbLiZn2O3,0.6100000000000001,2.6751220263643267,2.6751220263643267,4.46657474466893,4.7463,3.2722729324658615
Ca2ScTaO6,0.7520000000000002,3.679096564853967,5.010170805324253,1.128135766847638,5.6606,3.2724677123419528
LiYSiO4,0.7240000000000002,1.9137263627745735,5.165419966879,2.751852080335907,8.3694,3.2769994699964933
YAsO4,0.7439999999999999,2.3967851527093855,2.3967851527093855,5.050103930831571,6.8095,3.2812247454167807
AsAuO4,0.548,1.7972687678558763,5.634942123481247,2.4607814136652983,4.2709,3.297664101667474
YNbO4,0.748,2.368073410885735,6.207036135815503,1.3488950197504554,5.2118,3.308001522150565
Li2PdO3,0.514,1.8203652654572864,1.9940694197579183,6.11216322068358,3.0063999999999997,3.308865968632928
CsY(WO4)2,0.72,3.9399334443507055,4.819517716759986,1.1779415598202576,5.0039,3.3124642403103164
Li8SnO6,0.7120000000000001,3.113616026334707,3.113616023475662,3.712998047536338,7.0919,3.313410032448902
ScTaO4,0.7439999999999999,4.778144778109386,2.514325949030776,2.66949220260085,5.8107,3.320654309913671
SrLi2Ta2O7,0.7520000000000001,3.328897776574213,4.59159557894057,2.0430202262814223,4.1638,3.3211711939320683
V2Cd2O7,0.6930000000000001,5.148279472317766,3.0843158788995746,1.7339521251851668,4.0543,3.3221824921341696
Ba(CuO)2,0.124,4.6743075212960905,4.674307521296089,0.6215001511548416,2.7734,3.3233717312490065
CsTlO,0.412,0.8216750168188314,0.8083905517531773,8.348029423621599,2.6455999999999995,3.3260316640645358
Sr2ScTaO6,0.72,2.970137188065562,3.695847735439531,3.356089815967283,5.3619,3.3406915798241257
Cs2O,0.566,3.293067836293068,3.2930678347497455,3.4792141407488417,2.3871,3.355116603930552
Li2ZnGeO4,0.6699999999999999,2.459545123825567,4.303082564143126,3.3300469259630674,6.228199999999999,3.3642248713105865
Ca2Pt3O8,0.344,3.5937380279233415,3.593738028613143,2.926439888105252,2.8859,3.3713053148805785
BaZn2Si2O7,0.6420000000000001,4.523579019643296,4.3096676574967665,1.2941647893131738,6.897,3.3758038221510787
Cs3SbO3,0.4319999999999999,3.377766589572107,3.377766589572107,3.377766589572107,5.2522,3.3777665895721065
Cs2SrV4O12,0.7480000000000001,4.097210151017326,4.097210151017326,1.9611192503953876,5.0999,3.3851798508100135
Ba2Cd(BO2)6,0.6619999999999999,2.3375502545889986,2.3375502594089648,5.506921666676485,7.7145,3.3940073935581494
LiTa3O8,0.752,1.1147270224496957,6.1510947981162705,2.9427652689640773,4.981,3.402862363176681
Na2SiO3,0.7170000000000001,3.8332742362033705,3.3550660929851532,3.031783166184794,8.140699999999999,3.406707831791106
Sr2TaInO6,0.7240000000000001,3.4563385725865974,3.097487188964045,3.6718938123092504,6.1138,3.408573191286631
Ca2SnO4,0.7080000000000002,4.342341052565887,1.5526055551348636,4.363929714727345,5.22,3.4196254408093654
Cs6Ge2O7,0.6640000000000001,4.459179286662441,2.106944738145429,3.711464418867109,5.9444,3.4258628145583265
Mg4Ta2O9,0.7500000000000002,2.238964860113531,2.23896486118853,5.864873179113624,6.719899999999999,3.447600966805228
Ga2O3,0.75,2.915796041839439,5.043860328203276,2.4114311520066214,4.77,3.4570291740164456
BaNb2O6,0.768,6.035881280627006,3.274877765148414,1.0835875032493687,3.9921,3.464782183008263
BaZr(BO3)2,0.7400000000000002,2.6010053205593473,2.6010053149652888,5.201605722050581,7.2393,3.467872119191739
SrAl2(SiO4)2,0.7320000000000002,4.5869388796203765,4.5869388859365055,1.2419768908690283,8.6233,3.4719515521419697
TiTl2O3,0.3719999999999999,1.4344510229554646,8.065931241514802,0.9610142943449071,3.1689999999999996,3.4871321862717246
NaScO2,0.7380000000000001,1.1532466645840382,1.1532466680594713,8.219498997257233,6.5132,3.508664109966914
NaSr3BiO6,0.7080000000000002,3.845257804298064,3.8452578010926257,2.854505263501516,4.089,3.515006956297402
NaGaO2,0.704,5.1897466855185765,3.6363996284689097,1.7317977218337566,6.107,3.5193146786070812
V2CdO6,0.7060000000000001,2.688566223238086,3.4673387868232823,4.4118904432274295,4.1671,3.5225984844295994
KTaWO6,0.768,1.2196329591273725,3.0789261371879455,6.31313834215864,4.907299999999999,3.537232479491319
CaTaAlO5,0.738,2.2478520730412095,6.3418665137346935,2.0839799709666007,6.2523,3.557899519247501
YAgO2,0.206,2.0817359710420447,2.081735971171262,6.530085838779677,4.2588,3.5645192603309948
CaIn2O4,0.712,3.5707074178838325,3.5707074178838325,3.5707074178838325,4.3244,3.5707074178838325
CaAl2(SiO4)2,0.734,4.748265537718988,4.748265532454419,1.2582963259989104,8.6056,3.584942465390773
BaHf(BO3)2,0.736,2.7872369384037974,2.7872369314089807,5.193050877767248,7.7828,3.5891749158600086
SrZrO3,0.71,4.799535496139009,2.576201184459463,3.3964551005459023,5.8016000000000005,3.5907305937147913
KLa(MoO4)2,0.7240000000000001,5.169478901547239,3.2368973092684956,2.369476765291066,4.9183,3.5919509920356005
Ba3V2O8,0.724,4.491572765958497,4.491572767504502,1.8471552446093784,5.8594,3.610100259357459
Mg3V2O8,0.7279999999999999,3.2961360406181175,5.273429584134703,2.2651707421537335,5.5081999999999995,3.6115787889688513
Sr2ScNbO6,0.7200000000000001,3.2258285324475673,4.095869102886798,3.5515794875235134,4.689,3.624425707619293
KSbWO6,0.7480000000000002,3.3252637838709744,2.9596600623912663,4.5939047843708485,4.9013,3.6262762102110297
Rb2HgO2,0.634,2.3824073184086045,2.382407318408604,6.136009821873794,4.7765,3.6336081528970006
NaTlO2,0.688,2.0243635534864683,2.024363556893954,6.875229901491662,2.1059,3.6413190039573613
NbSbO4,0.4439999999999999,3.341188307885323,6.2015010520768366,1.3920944079886683,3.4317,3.6449279226502758
Hg3(BO3)2,0.5379999999999999,2.493707919134147,2.493707922227643,5.956098375117147,4.5103,3.6478380721596455
CsAgO2,0.58,4.40064352074693,5.154511555194375,1.4499642424307075,3.5287,3.668373106124004
Ba2SrWO6,0.71,1.8521389303034923,5.374419068832462,3.805648614220273,4.6437,3.6774022044520756
Tl3AsO4,0.316,5.087068544004598,5.087068547809869,0.8613891090108119,3.7329,3.6785087336084263
KNaZnO2,0.628,3.3064313669175784,3.4924790520284534,4.246867004748592,4.7224,3.681925807898208
Rb2CeO3,0.648,2.123016513172418,3.5680974036220943,5.361557640855492,4.758,3.6842238525500015
Ba2Cd(BO3)2,0.692,5.204256329115995,0.6572227986769659,5.198148034849976,5.980300000000001,3.6865423875476453
Sr2PbO4,0.7040000000000002,3.639629730374085,1.569495902271376,5.965676615098493,2.989,3.7249340825813184
Cs6Si2O7,0.6839999999999999,4.164566079183847,2.5802976026638773,4.487755701727314,6.322900000000001,3.744206461191679
Li4TiO4,0.716,2.4393431296574257,6.418523380666542,2.3751395173273315,7.3987,3.7443353425504333
Li6Zr2O7,0.7340000000000002,4.610928630842789,1.3023110102042488,5.352063467372318,6.6279,3.7551010361397856
NaAgO,0.296,4.613767221699831,4.613767221699829,2.0629320489420437,2.8857000000000004,3.763488830780568
Ga2PbO4,0.496,7.779984153517986,1.0826348271700912,2.4344179722489137,5.2946,3.76567898431233
NaGeSbO5,0.7499999999999999,4.582081198773603,4.84755791954546,1.89293902822903,4.8491,3.774192715516031
NbAlO4,0.7520000000000001,4.944268726131007,3.151197214159001,3.2439457494049098,5.4792,3.7798038965649727
Cd2GeO4,0.664,6.134502529851865,1.1617273822409409,4.049694005224163,3.1753,3.781974639105657
Rb2O,0.603,3.785075787063804,3.785075787063804,3.785075787063804,3.7303,3.785075787063804
K2MgO2,0.656,1.7400985575509844,7.299674473043926,2.329872541904891,5.5971,3.7898818574999336
Sr2NbInO6,0.724,3.498811000304401,3.302664572862412,4.57903285367703,5.3659,3.7935028089479474
Li5AuO4,0.516,4.469199548277605,4.017542740133453,2.9433989933387026,4.665,3.810047093916587
ScVO4,0.7599999999999999,2.6705364971872663,2.6705364971872654,6.10011557931746,4.0851999999999995,3.8137295245639975
Y6WO12,0.712,2.766884889053817,2.766884893228125,5.968300495591625,4.7717,3.834023425957856
SiO2,0.736,4.189778454735391,4.189778454735391,3.1235694165070975,10.4593,3.8343754419926266
TaAlO4,0.754,6.14044120216161,2.643633305671191,2.7295114874053343,6.4147,3.8378619984127122
Ca2ScSbO6,0.7279999999999999,4.515302053473894,4.126997534376102,2.876998322327314,6.1238,3.839765970059103
CaZrO3,0.7359999999999999,5.812139018769399,1.4588522567727211,4.283797821113601,6.100200000000001,3.851596365551907
KBa4Bi3O,0.0,1.809201612358526,1.8092016123585264,7.956188396356517,1.2735000000000003,3.858197207024523
NaNbO3,0.738,1.9012906153536449,1.901290615711506,7.796033494013447,6.092499999999999,3.8662049083595327
LiSbO3,0.7639999999999998,6.995648570071107,3.4356129841567347,1.233365902043379,4.901199999999999,3.888209152090407
Na2ReO3,0.3399999999999999,2.4632356372545963,2.4632356406895854,6.742566966559,3.7101,3.8896794148343936
Ba2ZnGe2O7,0.6080000000000001,4.341556898874959,4.34155689887496,2.989913971090718,5.9972,3.891009256280212
LiCuO2,0.604,1.2750302882449631,2.2922477764796025,8.169174793308406,1.8389999999999995,3.912150952677657
Ca2Sb2O7,0.73,8.647176372744385,1.7893808374157922,1.4047612286767628,4.321299999999999,3.9471061462789803
Zn3(AsO4)2,0.6519999999999999,6.905293096701667,1.236572564319372,3.699807296917626,5.343500000000001,3.947224319312888
Li2MgGeO4,0.7279999999999999,4.696818957356479,6.079958277175779,1.0842390648204083,7.172499999999999,3.9536720997842223
V2Zn2O7,0.6300000000000001,2.930690642589175,7.859603979224562,1.0804962141230734,4.1737,3.956930278645603
Na3CuO2,0.488,3.334686594363073,3.334686594363073,5.219854494367743,4.3784,3.96307589436463
MgTiO3,0.746,3.443072384691869,3.443072371600673,5.016236427277518,5.2159,3.9674603945233535
NaIn(SiO3)2,0.7300000000000001,5.0642222844577995,2.3007237965550043,4.545828340120268,6.9708,3.9702581403776906
CaYBO4,0.7320000000000002,4.686472281027604,5.189239269429197,2.071068999170954,7.2887,3.982260183209252
Zn4B6O13,0.7239999999999999,3.9830466065106775,3.9830466065106775,3.9830466065106775,7.1482,3.9830466065106775
Na2GeO3,0.7060000000000001,2.651442175604394,6.164046664380774,3.174837992675948,6.6384,3.9967756108870383
BaLa2PdO5,0.332,4.677166764540423,4.677166764540423,2.6396529228482835,4.2894,3.9979954839763763
Na2ZrO3,0.7160000000000002,4.813463856127359,4.652809381641353,2.602556302233507,7.2582,4.022943180000739
La3SbO3,0.044,6.27195252236485,0.1703940856386117,5.751525516928054,1.2150999999999996,4.064624041643839
NaYO2,0.7080000000000002,4.531798933006255,3.1295736579054863,4.626146026480082,7.009399999999999,4.0958395391306075
Na3AuO2,0.528,3.468635295854671,3.468635295854671,5.37617025027994,4.1232,4.104480280663094
NaSr3TaO6,0.7080000000000001,4.5916830691068276,4.591683075203088,3.1314684711092085,6.1646,4.104944871806374
YVO4,0.7439999999999999,3.033803511805239,3.033803511805239,6.258467087520731,4.802099999999999,4.10869137037707
Sr2LaSbO6,0.688,5.650688155429265,4.694308038288077,2.0107522212948292,6.0664,4.118582805004057
Ba2TiO4,0.692,5.794485523052387,1.9594331955237587,4.6064866453233515,6.3631,4.120135121299833
V2Pb3O8,0.5199999999999999,5.799616750005201,3.952646233349484,2.6748163702480543,3.9679,4.142359784534246
Ba(AuO2)2,0.488,4.00539200053062,4.008155423361361,4.441739422420496,2.9785,4.151762282104159
Al2O3,0.768,5.141407709969924,5.141407710353436,2.174596714200957,9.3329,4.152470711508106
NaLa2TaO6,0.7030000000000001,4.878987049280199,3.084778601672927,4.498832213424995,6.100199999999999,4.154199288126041
Sr2ZnGe2O7,0.6410000000000001,3.394759213122304,3.394759213122304,5.673361998293307,6.0121,4.1542934748459714
LiSc(WO4)2,0.7479999999999999,5.581516462973503,4.794816826776969,2.113732871670943,4.9619,4.163355387140471
RbAsO2,0.508,2.489003093586234,5.699375106303414,4.302453269246232,6.3369,4.16361048971196
MgGeO3,0.7440000000000001,2.1115879239483357,5.295217980143644,5.113979228687799,5.3508,4.173595044259926
LiY(WO4)2,0.7480000000000002,4.712280627261902,2.1677973972537625,5.6563403303413216,5.3487,4.178806118285662
Li5TaO5,0.742,8.538170189921864,1.074292889039037,2.9251530349688744,6.2511,4.1792053713099255
Mg4Nb2O9,0.7499999999999999,1.9217448277838616,1.921744832750926,8.707725099473654,5.694500000000001,4.183738253336148
Cd(SbO3)2,0.678,5.446721867222901,5.446721876317463,1.677693912024527,3.9088,4.19037921852163
KScO2,0.732,1.052794590300569,1.0527945890165074,10.540755467800883,6.0127,4.215448215705987
Sr4Cu2O7,0.5940000000000001,9.382158595272209,0.9095432041297408,2.4186948817124447,1.9944,4.236798893704798
NaScAs2O7,0.7459999999999999,3.0767339716375144,3.866062813305843,5.8016746821395095,6.7256,4.248157155694289
NaInO2,0.712,1.8759623493759592,1.8759623325383672,9.033764007713748,4.382,4.261896229876025
CaMgGeO4,0.7240000000000002,3.3017550150053183,2.6498759776148257,6.874152933983187,6.6566,4.275261308867777
LaAgO2,0.188,2.4547064883435947,2.454706493977577,8.080509416122439,4.564,4.329974132814537
Li2GeO3,0.7109999999999999,3.275011895348565,7.627030906183811,2.0933921624415905,6.8346,4.331811654657989
Ba3NaTaO6,0.7000000000000001,5.063643920389634,5.063643914426293,2.8799184307195103,5.4806,4.335735421845146
KLaO2,0.628,2.039676031227802,2.0396760275937047,8.97559487913616,6.1637,4.351648979319222
Li3AsO4,0.7260000000000001,3.714356528641002,5.172968155987049,4.174064340765634,8.125,4.353796341797895
RbMgBO3,0.7339999999999999,4.364306586951744,4.364306586951744,4.364306586951745,8.3158,4.364306586951744
CaSn(BO3)2,0.7439999999999999,2.44568779685032,2.4456877903911725,8.248753759139833,7.0934,4.380043115460442
Ba2Ca(PdO2)3,0.172,2.3756713266364407,7.419141284235589,3.38856102532444,3.0387999999999997,4.394457878732156
KMgBO3,0.7359999999999999,4.394687690607515,4.394687690607516,4.394687690607516,8.4485,4.394687690607515
Ba2CdGe2O7,0.648,5.217686072674502,5.217686072674502,2.7878118730225023,5.6263000000000005,4.407728006123835
Sr(BO2)2,0.7220000000000001,3.780175916259695,1.500459151009878,7.946745124231711,8.6306,4.409126730500428
NaSc(GeO3)2,0.7320000000000001,6.4966614298738445,2.8037030400671896,3.935231762531098,6.3135,4.411865410824044
Mg(GaO2)2,0.752,0.7453168796646351,9.550631776759042,2.9496574195975622,5.3063,4.415202025340413
NaAlO2,0.7070000000000001,6.808213693061014,3.246750023321671,3.2071119778945576,7.7335,4.420691898092414
Li4PbO4,0.712,3.827278760063805,5.329645789385327,4.110727651033348,3.5103999999999997,4.42255073349416
BaSi3SnO9,0.7460000000000001,5.8603053736534285,5.8603053673849725,1.5530676221545758,7.4369,4.4245594543976585
Li3VO4,0.7220000000000001,5.034980611033075,4.910703469475454,3.433077680159069,6.7951999999999995,4.459587253555866
SrSn(BO3)2,0.738,2.761160555877796,2.7611605547762768,7.870736674244874,7.0765,4.464352594966315
BiAsO4,0.6200000000000003,7.906612638638227,3.4807960609469286,2.0068261757829227,4.956,4.464744958456026
LiBO2,0.7320000000000001,2.5411434802562782,2.091903754922389,8.765491914390914,9.4956,4.466179716523194
NaTaO3,0.7439999999999999,4.828160344665904,4.262458897191836,4.3102354150436915,4.3398,4.466951552300478
Ba2LaSbO6,0.712,4.504777437224391,4.504777436424073,4.427127555779552,6.3375,4.478894143142671
BaCa(GaO2)4,0.706,1.16017682091653,7.09269611921431,5.198051724928216,5.873900000000001,4.483641555019685
K6MgO4,0.63,4.506622052992361,4.506622054394826,4.451118011968972,4.2343,4.488120706452054
Na5BiO5,0.71,4.7956874138913115,7.366987378523328,1.3084591048560872,3.0904,4.490377965756909
BaGa2B2O7,0.716,6.478321421306439,2.1579448027694155,4.90373663374761,7.3271,4.513334285941155
KAgO,0.244,5.6553436082317905,5.655343608231792,2.248527779507065,3.7174,4.519738331990216
Ba5Nb4O15,0.7460000000000002,2.688086845759758,2.688086847197039,8.187777718616015,4.1289,4.5213171371909375
Li2BeSiO4,0.734,3.2097216230946644,7.260621182027691,3.2690365302127824,9.802,4.579793111778379
Ba4Nb2O9,0.7020000000000002,5.0077871547414015,5.00778714622794,3.87535558795348,5.739999999999999,4.630309962974274
La3HfGa5O14,0.7020000000000002,5.773263498952152,5.773263492581611,2.34647053655778,6.2759,4.630999176030515
TaTl(GeO3)3,0.4180000000000001,4.892521053189932,4.8925210464157285,4.108918169450646,5.7233,4.631320089685436
CdIn2O4,0.696,4.697285596734616,4.697285596734616,4.697285596734616,2.7218,4.697285596734616
BaTi(SiO3)3,0.756,6.426900049250591,6.426900052455438,1.2474049348217875,5.9064000000000005,4.7004016788426055
KNa2CuO2,0.48,6.354886374516916,6.354886374516916,1.427948952467202,4.6485,4.712573900500344
Ba3(AsO4)2,0.7180000000000001,6.132533782334452,6.132533752190366,1.9172874915150744,7.0819,4.7274516753466305
K2Zn(GeO3)2,0.6420000000000001,5.088697113669005,7.388985919761556,1.7468721396320888,6.1246,4.741518391020883
Al2PbO4,0.503,8.595845995397035,1.0893970864896965,4.545507865055181,6.0424999999999995,4.743583648980638
Na2WO4,0.728,4.793605972258151,4.793605972258152,4.793605972258152,8.3199,4.793605972258152
Mg2TiO4,0.7440000000000001,4.839081208025627,4.839081208025627,4.718206818172907,5.5122,4.798789744741387
Ba2ZnSi2O7,0.6619999999999999,6.343450752299032,2.8057944788162694,5.3292616563729505,7.2884,4.826168962496084
NaIn(GeO3)2,0.7120000000000002,2.157836583713385,6.578341578019866,5.850441519280489,4.9707,4.8622065603379125
RbLiCrO4,0.738,6.452172914124229,6.452172923206205,1.6985603005520946,5.8198,4.867635379294176
K2PbO2,0.4439999999999999,7.2466237160495455,3.32244405042762,4.072929888104294,3.492,4.880665884860487
Li3AuO3,0.5759999999999998,1.2157816706470244,1.2157816706470244,12.227356681870852,4.124,4.8863066743883
KNa2GaO3,0.6839999999999999,3.532015404566934,4.3049576990888365,6.847273329156669,5.7875000000000005,4.89474881093748
Ba2InCuO4,0.4499999999999999,3.037900425897794,3.0379004258977944,8.631263324545495,3.4818,4.902354725447028
Ca3WO6,0.718,4.498557479114933,4.498557484861188,5.72992914274387,5.418799999999999,4.909014702239997
RbNa2BO3,0.736,1.4342852123627572,10.976207888189542,2.3182425089681455,7.011,4.909578536506815
Ca3(BO3)2,0.736,1.148993371216262,1.1489933705967736,12.462182615352225,8.1466,4.92005645238842
Na2MoO4,0.728,4.9222321782614,4.922232178261399,4.9222321782614,7.1524,4.9222321782614
LiAsO3,0.756,5.523163676693196,5.52316366498437,3.73127717022962,6.5607,4.925868170635728
MgSn(BO3)2,0.754,2.514642434900386,2.5146424299064236,9.756457134182126,6.9908,4.928580666329645
K2Al2Sb2O7,0.37,6.7601787472380686,6.760178738869181,1.3096447899887924,5.6761,4.943334092032014
CdSnO3,0.6859999999999999,6.452180176251455,6.452180189556717,1.9985748496759348,3.0019,4.967645071828035
Sr4Nb2O9,0.7100000000000002,2.988620558580506,2.988620563127199,8.9310137648357,6.081200000000001,4.969418295514468
Ba3NaNbO6,0.7040000000000001,5.85452389599829,5.854523910756863,3.416075395241622,5.0532,5.041707733998925
KAsO2,0.52,4.639579382023021,5.22351851802136,5.314530396958933,6.2463999999999995,5.059209432334438
Sr(AuO2)2,0.488,4.917869778306402,4.926878581300363,5.337127374987636,3.1224999999999996,5.0606252448648
MgZn2(AsO4)2,0.66,4.683445809715663,2.036798298188116,8.47232588148866,6.1342,5.064189996464147
Ca(AuO2)2,0.41,4.7857562127114415,4.787346522481934,5.750702412959509,3.143,5.107935049384294
KSrVO4,0.7240000000000002,1.906106768548978,11.737061547553864,1.6882411322094364,6.3657,5.110469816104093
Cs2Sn(GeO3)3,0.726,6.714494389751674,6.714494394828936,2.00457175974161,5.6480999999999995,5.144520181440741
NaSr3NbO6,0.7080000000000001,5.96185988335629,5.961859868847389,3.5467064804079653,5.4298,5.1568087442038815
BaMoO4,0.728,3.6209061485697887,3.620334245543475,8.257476452723727,6.153599999999999,5.166238948945664
Cs2Li3GaO4,0.64,5.771216009970276,5.717207384608063,4.12659583053483,6.6743999999999994,5.205006408371056
Sr3WO6,0.71,4.853575727414968,4.8535757286307275,6.007635843419021,5.3546000000000005,5.2382624331549055
Ba4Nb2WO12,0.7460000000000001,3.514438599592478,3.51443860357236,8.718159439885834,4.1983999999999995,5.249012214350224
Sr3(BO3)2,0.728,1.7622082021882413,1.7622082016868152,12.244900856862548,7.7679,5.256439086912535
KSbO2,0.44,4.921392121839042,5.945957937269892,4.954092792519966,3.6699,5.273814283876299
BaBiBO4,0.5680000000000001,8.36632996579433,2.297041469740708,5.190230603320989,5.5231,5.284534012952009
Ca(AgO2)2,0.604,3.494221260570299,3.4943643194674907,8.869103774632347,2.1579999999999995,5.285896451556712
LiGeBO4,0.744,3.756287198626163,3.752880258191389,8.47587362796382,7.9647,5.328347028260457
Na4Ti5O12,0.7440000000000001,2.30128411701255,2.301284110368565,11.426133680631024,3.976,5.342900636004046
Cs2ZrO3,0.6799999999999999,9.743658181703148,3.897771043275731,2.4112750829100245,6.411200000000001,5.350901435962967
RbSc(MoO4)2,0.744,2.0951710811854007,2.0951710842636797,11.951978355912289,5.9744,5.380773507120456
CsAgO,0.552,7.597659378797618,7.597659378797619,0.9998641771685792,3.4568000000000003,5.398394311587939
Na3Ca2TaO6,0.7060000000000001,3.575715108479516,9.270812278990247,3.398063403887368,6.9051,5.4148635971190435
SrLiBO3,0.7400000000000001,10.490869824986495,3.460188873898941,2.3183605204986306,7.8826,5.4231397397946886
SrLi2SiO4,0.705,6.4078059710868684,6.407805956631368,3.4544911922391863,8.0002,5.423367706652474
NaAgO2,0.622,2.6816947101630086,1.6480143628149222,11.970126732085166,2.2729999999999997,5.433278601687699
KCuO,0.12,6.724067166190753,6.724067166190753,2.8625674577454063,3.9267,5.436900596708971
Rb2Al2Sb2O7,0.366,7.027789503390546,7.027789505349767,2.3003091139748086,5.7768999999999995,5.451962707571707
CaCrO4,0.7519999999999999,3.507046149771278,3.507046149771278,9.44782610064169,4.3211,5.487306133394749
Cs2Zr(SiO3)3,0.7220000000000001,6.953099123618513,6.9530991124954555,2.5972344065168977,8.3378,5.501144214210289
Y2Be2GeO7,0.7280000000000002,3.1061090566644425,3.1061090566644425,10.303384835075704,7.123399999999999,5.505200982801529
BaSr2Mg(SiO4)2,0.7080000000000002,7.429582364029866,7.429582346684777,1.754978768741192,7.8596,5.538047826485278
KSc(WO4)2,0.752,5.860673372405703,2.1358071027755416,8.647262051416423,4.5673,5.547914175532555
BaHf(SiO3)3,0.7420000000000001,7.707566720072816,7.707566724827158,1.2382392538889049,8.0793,5.551124232929627
Li2CdGeO4,0.659,4.641066000533388,10.859020092583451,1.2411316892017146,5.1327,5.580405927439518
CaMgSiO4,0.7240000000000002,2.2964986989041125,3.4820161518627777,11.242591094852829,8.1648,5.67370198187324
LiAuO2,0.482,5.252351485402114,5.252351485402112,6.517783898985886,3.1293,5.674162289930038
Rb2PbO2,0.458,5.704885440941516,2.103438553968413,9.224225171997375,3.4851,5.677516388969102
SrGa2B2O7,0.7100000000000001,7.188076256130246,7.345982883494707,2.5384143632768223,7.3674,5.690824500967259
Cs3As5O9,0.44,2.6950785728182516,2.6950785728936832,11.68429734881546,5.4934,5.691484831509132
SrWO4,0.7360000000000001,2.6606938412672463,2.659748332778535,11.80216437266714,6.8007,5.7075355155709735
Na3BiO4,0.7080000000000001,7.610464482535834,5.278686763937185,4.3033031995108395,3.1331,5.730818148661286
Sc2Si2O7,0.749,3.3612405407770956,7.988129766832152,5.9085135904113635,7.2357,5.75262796600687
HfO2,0.752,13.672018900689642,1.2634367233026516,2.326535931094348,5.911200000000001,5.75399718502888
Rb3AlO3,0.6520000000000001,3.5794605570167777,9.892097955393142,3.93345572277441,5.8624,5.801671411728111
TiO2,0.7199999999999999,7.593117674546396,6.754060348703661,3.1294488204256026,3.8911,5.825542281225219
Ta2Zn3O8,0.68,4.037399455381352,3.6108889987298065,9.84206413611284,5.9885,5.830117530074666
Na6PbO5,0.7119999999999999,2.486332757991166,14.198653914199124,0.8228329009055154,3.2654,5.835939857698602
Rb6Si2O7,0.6839999999999999,7.905560326688938,3.183927679446607,6.436820603724221,6.728800000000001,5.842102869953255
LiYO2,0.7079999999999999,11.44412333878942,1.1412197665328268,4.961230554853839,6.7552,5.848857886725362
Y2Be2SiO7,0.719,5.11913059849221,5.119130598492209,7.353269418548704,8.010100000000001,5.863843538511041
La6WO12,0.658,4.541107648708198,4.541107642987695,8.533907430109641,4.711,5.87204090726851
K2Zn(SiO3)2,0.646,8.761726648520318,6.1564767410097145,2.7490876817609298,7.8668,5.889097023763654
NaLi2AsO4,0.726,5.517520397609983,4.513642463366953,7.654892165305473,7.9456,5.89535167542747
BaZr(SiO3)3,0.7360000000000001,8.296678783643099,8.29667875937582,1.2390054575459764,8.0647,5.944121000188297
Cs3BiO3,0.514,5.949208414617952,5.949208414617952,5.949208414617952,5.1726,5.949208414617952
Sr(AsO3)2,0.7440000000000001,7.805985840705554,7.805985836602049,2.2702350140642515,6.4065,5.960735563790618
K2O,0.602,5.966768610619756,5.966768610619756,5.9667686106197575,4.2339,5.966768610619757
Ca(AsO3)2,0.758,7.471363768878301,7.471363756023646,3.0143792248032653,6.432600000000001,5.985702249901737
BaGeO3,0.6880000000000002,3.059507307423534,5.15300164953284,9.786019948758394,6.410399999999999,5.9995096352382555
Al2Ge2O7,0.74,8.55538594739004,4.911202396456539,4.544053700595409,6.6385000000000005,6.003547348147329
SrIn2O4,0.72,11.40422799870072,4.333705408613856,2.3342909929885693,3.8402,6.024074800101048
In6Ga2PtO8,0.244,6.037520938175123,6.037520938175123,6.037520938175123,1.4745,6.037520938175123
Rb4SnO3,0.362,9.908660871035076,1.9001619529026383,6.32909992693556,3.3994,6.045974250291091
Sr2CeO4,0.6159999999999999,5.078597305067715,5.667948432242015,7.452151768138508,4.666399999999999,6.066232501816079
YBO3,0.7580000000000002,8.188746633507776,9.14268151309227,0.9791479947964722,8.2376,6.1035253804655065
Rb2Ti(SiO3)3,0.7360000000000002,7.676934909937384,7.6769349000004015,3.0042353889305584,6.0634999999999994,6.119368399622782
Sr4Ta2O9,0.7080000000000002,5.717657483894367,5.717657478280675,7.012345577487481,6.8262,6.149220179887507
La2Pd2O5,0.196,7.868574627395505,7.868574627395505,2.8622460897166033,2.4869000000000003,6.199798448169204
Mg(CuO2)2,0.5579999999999999,2.1152585006559876,11.806482491687538,4.826669395635083,1.2849,6.249470129326203
NaTaGeO5,0.738,8.476552380552132,7.576320738382261,3.060300104364022,5.595199999999999,6.371057741099471
La3TiGa5O14,0.7340000000000002,8.96193145508024,8.961931451673221,1.2199046394663715,5.325800000000001,6.3812558487399444
ZrO2,0.744,15.614417712211608,1.3303395460655028,2.2175525579120934,5.3885,6.387436605396402
K2ZrGe2O7,0.7180000000000002,2.7641353080453563,4.843628926620245,11.764164346302628,6.7768,6.45730952698941
Li3BO3,0.7399999999999998,13.232911336585763,2.9654695646600997,3.215930534558495,9.2524,6.471437145268119
Cs2CeO3,0.601,6.3411220577386755,10.793250521106614,2.311231099334183,4.789899999999999,6.481867892726491
CsLa(WO4)2,0.7200000000000002,3.9599674791363126,12.565789747289491,3.1733643546213868,5.3087,6.566373860349064
CaMg(SiO3)2,0.7160000000000002,3.484162016792722,11.355311825476258,4.8706481195106255,8.5151,6.570040653926536
Sr(SbO3)2,0.724,8.13762022573066,8.137620228828876,3.4454478067261043,5.786099999999999,6.57356275376188
Sr2YSbO6,0.706,6.095666698644532,7.014587541425086,6.7915423212036306,6.4497,6.633932187091084
CsAlSiO4,0.728,1.7149492010553962,4.7482845602580666,13.482634569497566,8.4674,6.64862277693701
Na3SbO3,0.423,6.662742400774831,6.662742400774831,6.662742400774831,5.0309,6.662742400774831
NbVO5,0.7720000000000001,15.065278173957823,1.2907984171193312,3.713215846159676,3.1799,6.6897641457456105
Rb3SbO3,0.433,6.752340227921255,6.752340227921255,6.752340227921255,5.523199999999999,6.752340227921255
K2ZnO2,0.5960000000000001,10.833713685893686,2.8240350911252516,6.656910077312072,4.9140999999999995,6.77155295144367
Na2PbO3,0.7120000000000001,4.401780907991512,3.142795576706971,12.776787523773104,3.1525999999999996,6.773788002823863
Na3Sc(BO3)2,0.7600000000000002,2.2681115726807417,1.6272413894724973,16.478203282560916,7.1157,6.791185414904718
Mg3(BO3)2,0.748,2.3181831252992624,10.03619688611579,8.030162905270709,9.0291,6.794847638895253
Ca(SbO3)2,0.732,8.929097270871585,8.92909726889016,2.5582451694531936,5.6149,6.805479903071647
LiLa4AuO8,0.528,4.377148214208444,12.66930071995321,3.539314565247164,3.691100000000001,6.861921166469606
CaV2O6,0.734,10.228210125402914,5.22995340362394,5.261442516536513,4.9144,6.906535348521122
CsBeAsO4,0.7400000000000001,2.282596307923885,3.4831526862395674,14.962526303094355,7.6232,6.9094250990859365
Na6ZnO4,0.6359999999999999,9.362973513232976,9.362973511581949,2.169855994866106,4.4324,6.965267673227011
RbAlSiO4,0.7240000000000001,1.725460359466107,3.5269586453788055,15.79584966928596,8.4884,7.016089558043625
Sr(BiO2)2,0.616,6.047334541578395,1.8751181783093016,13.157502785956016,3.8442,7.026651835281238
Sr2YNbO6,0.7160000000000002,5.630780653901643,8.64411773125243,6.818296469006418,5.1598999999999995,7.031064951386831
La2HgO4,0.644,3.938165829883528,3.4089644765161773,13.917387184678958,4.0774,7.088172497026221
Li2Si2O5,0.7080000000000001,12.501300957961831,3.3511530558839535,5.448613507354034,9.2746,7.100355840399939
CaLaGaO4,0.6920000000000001,7.90287516707161,2.4578514552743647,10.964880819046517,6.0716,7.108535813797498
NaLa(MoO4)2,0.74,2.7818807145567797,2.783686404510257,15.829211050098628,5.2565,7.131592723055221
Na2SnO3,0.7200000000000001,5.0570428148349675,4.159717232932014,12.332499471091554,5.524900000000001,7.183086506286178
Ca(CuO2)2,0.6440000000000001,5.459730414788398,5.462664102661545,10.738994843167392,1.7480000000000002,7.220463120205778
BaBe2Si2O7,0.726,5.143303047091838,13.351089247546197,3.2419015776687097,9.0939,7.245431290768916
RbNaCd3O4,0.65,13.474765565978926,0.9943234476504896,7.493375468496721,1.7967,7.320821494042046
LiInSiO4,0.74,12.509179719940043,1.5171291511054,7.937218611319816,6.1168,7.321175827455086
Sb2O5,0.754,14.55690550887401,4.446977427971,2.9642934928823834,2.0895,7.322725476575798
CaMoO4,0.752,2.1594516787939857,2.157123138149094,17.759995217075627,5.1434999999999995,7.358856678006236
Sr2SiO4,0.712,11.216475054423888,2.723051348949672,8.166439359335733,7.641699999999999,7.368655254236432
Ga4GeO8,0.752,14.284055263499916,4.2140140913171225,3.8046696022505015,4.8808,7.434246319022513
Ba2Ca(BO2)6,0.706,1.711902446401158,1.711902449249708,18.90793479929805,8.4683,7.443913231649638
Ba4ScReWO12,0.7470000000000001,3.0058041498796,3.005804158299307,16.521954419923624,3.3274,7.511187576034177
KLi3PbO4,0.706,5.435957216497198,12.76457344147729,4.397615333287539,3.6269,7.532715330420676
KZn4(SbO4)3,0.6219999999999999,6.6764708982230285,6.676470898266352,9.273462284602491,4.2661999999999995,7.54213469369729
Cs3ScO3,0.6080000000000001,7.06445826415432,5.446675074692153,10.17567435044694,5.2548,7.562269229764471
BaSn(GeO3)3,0.7340000000000001,10.320153617836157,10.320153610849372,2.1009675293644237,5.8721,7.580424919349984
K2NaTlO3,0.652,9.449184765017067,8.770194412649523,4.580814717833242,3.5575,7.600064631833277
Rb4SnO4,0.656,7.491074226258236,6.326733807235425,9.019328853132375,5.274900000000001,7.6123789622086795
Na2Zn2Si2O7,0.6630000000000001,14.233986943332308,6.450236215860763,2.2166024528161365,7.271,7.633608537336403
Ca2SiO4,0.7159999999999997,15.015780773188446,1.9433475536986329,5.9607865455538045,7.5271,7.639971624146962
BaBeSiO4,0.7490000000000001,2.3939345322766106,0.9137198100205928,19.698404281091637,7.8662,7.66868620779628
KAgO2,0.58,15.841580763261865,6.143407879363118,1.0940955266565635,3.4392,7.693028056427182
LaBO3,0.733,19.893391515732056,0.9225110995138952,2.4157346174799987,7.6297,7.743879077575316
RbSbO2,0.424,7.896252855891086,8.551529244437278,6.8539026467045145,4.0262,7.76722824901096
NbGaO4,0.7500000000000001,9.986533236832068,1.209642059826156,12.337389837506729,5.3119,7.844521711388317
Na4PbO4,0.696,6.570833703871095,5.5901816791464105,11.446384989279066,3.7143,7.869133457432191
Rb5Au3O2,0.52,7.263089150606269,14.332544830541654,2.024044910131839,2.551,7.873226297093254
InSbO4,0.74,4.089655404898796,6.669081087513321,12.905969600433616,2.9721,7.888235364281911
Ba5Ta4O15,0.738,1.5336674599836573,1.5336674562741928,20.68527665195961,4.627599999999999,7.91753718940582
NaBe4SbO7,0.767,10.76813501486233,10.768135016076885,2.246062799760419,6.821199999999999,7.927444276899878
Li3CuO3,0.7279999999999999,4.4180608297364135,4.4180608297364135,15.193332270964138,3.1885,8.009817976812322
TaVO5,0.7660000000000002,17.140933846952862,1.0377228472721929,6.1826861047015695,3.612,8.120447599642208
Na2ZnGeO4,0.646,8.753022434845654,8.47490594986905,7.1753557445877245,6.0169999999999995,8.13442804310081
BaNaBO3,0.736,3.353321782735706,3.5859748494213375,17.508084671017254,6.9049000000000005,8.149127101058099
Ta2O5,0.7799999999999999,2.5672793537063248,20.704740978864933,1.2613041488353878,3.7986,8.177774827135549
Na2MgSiO4,0.714,6.037370247482973,11.622928868821726,6.982043899493454,7.8653,8.214114338599385
CuAsPbO4,0.156,5.666758874875995,4.165459823054534,14.959045545782,3.6326,8.263754747904176
Na2PtO2,0.38,1.0458161393102967,10.577404039627986,13.214178201961438,3.605999999999999,8.27913279363324
CsBO2,0.666,9.4307686243818,9.430768608909224,6.025774156201513,7.4714,8.29577046316418
BaLiBO3,0.744,19.83312696792071,2.033059861388464,3.118415033433832,7.4679,8.328200620914334
CaWO4,0.7520000000000001,2.175221509592284,2.175537498400077,20.79838243070559,6.2090000000000005,8.38304714623265
K3Nb3(BO6)2,0.75,10.892377085571752,10.892377097484337,3.4258724242880763,4.0173,8.403542202448055
RbSc(WO4)2,0.7639999999999999,11.887073689159337,1.8777777932153037,11.63857655581054,4.5207,8.467809346061726
Cs2Li2SiO4,0.6780000000000002,3.4326288380034904,19.3461199068074,2.8980169275084773,7.1286000000000005,8.558921890773123
Na2MgGeO4,0.7020000000000001,4.5375943099759715,13.22108014068294,8.01230299029036,6.9296,8.590325813649757
NaSc(WO4)2,0.74,19.865275289269395,4.641823092950355,1.2856703479851703,5.0325,8.597589576734974
K3Ta3(BO6)2,0.756,11.84684390916032,11.846843922317758,2.1502471151642113,4.679,8.614644982214097
Na2BiO3,0.6120000000000001,10.819807453623971,6.973196651262232,8.083578427355482,2.7013000000000003,8.625527510747228
LaAg(MoO4)2,0.282,8.051471471205966,8.051666744646896,9.792711717738744,3.7217,8.631949977863869
K2CdO2,0.6240000000000001,14.77349830377523,6.537014613876055,4.603451776303521,3.5434,8.63798823131827
KTa(GeO3)3,0.7460000000000001,12.31080242161337,12.310802424066198,1.3273282384180027,6.4726,8.649644361365857
Ba2SiO4,0.7079999999999999,1.4373472211837337,6.082809361158675,18.51873272046735,7.4095,8.679629767603254
Ca2VBiO6,0.526,17.27212050426211,7.313133817293535,1.727881072567612,4.418699999999999,8.77104513137442
Cs2Li2TiO4,0.6600000000000001,3.1457993235629194,19.700040033168374,3.904210746759861,6.7987,8.916683367830386
La3BWO9,0.7260000000000001,11.845182447795684,11.845182460882846,3.1571340601171953,4.9666000000000015,8.949166322931909
TlV2AgO6,0.284,7.124673204869988,9.329425299692188,10.424956375457228,3.1238,8.959684960006468
Sr3TaGa3(SiO7)2,0.714,12.57737230676683,12.577372310209324,1.731950994135071,6.861,8.962231870370408
Ba3SrNb2O9,0.7040000000000002,6.815920789251092,6.815920777781336,13.38573691148062,5.6721,9.005859492837683
Ca2BiAsO6,0.522,17.591896615978296,6.307370697063794,3.2995225090112,5.2183,9.066263274017762
RbTa(GeO3)3,0.7380000000000001,13.038651034090478,13.038651044228864,1.2951593413076206,6.436999999999999,9.12415380654232
Cs2Ti(GeO3)3,0.716,12.513675386295755,12.513675404587152,2.4211857585393046,5.3857,9.149512183140738
Sr2SnO4,0.6950000000000001,6.607790965466571,6.607790965466571,14.250901008736616,5.279299999999999,9.155494313223253
RbNb(GeO3)3,0.7460000000000001,13.189039553255808,13.189039540266656,1.311527587883683,5.9413,9.229868893802049
Cs2SnO3,0.6599999999999999,19.999576768430973,3.3364254393671904,4.46326214864037,5.1392,9.266421452146178
K2Na4Be2O5,0.698,4.952505786473908,4.952505786473908,17.895446990203308,5.8622,9.266819521050374
Ta6TiTl2O18,0.5800000000000002,10.604347243783725,10.604347262729668,6.705707875280902,4.5934,9.304800793931433
Sr3NbGa3(SiO7)2,0.7170000000000001,13.481156324227154,13.48115634318236,1.54742076363794,6.1802,9.503244477015818
GeO2,0.731,12.285705098849542,12.285705103799785,3.993534831198335,6.292800000000001,9.521648344615887
RbAuO2,0.52,14.087651072172791,14.01638962547445,0.815996968587714,4.4036,9.640012555411653
Ba2Ca(BO3)2,0.734,2.9198295103819483,1.413492007026002,24.588947998980657,6.9755,9.64075650546287
Cs3YO3,0.608,8.13639350743343,7.413377282956169,13.754897595583431,4.7884,9.768222795324343
RbAgO2,0.556,17.41383616142549,11.143194000040998,1.089089277994413,3.5614999999999997,9.882039813153634
Sr2Mg(BO3)2,0.754,1.7251309993190829,0.941437430897012,26.989486844514506,7.901699999999999,9.885351758243534
Ca3TaGa3(SiO7)2,0.7060000000000001,13.155713664978473,13.155713676536193,3.471722118589572,6.8511,9.927716486701412
Cs2NaVO4,0.686,6.581718610590773,5.761654814004699,17.51088609810777,6.7461,9.95141984090108
Sr2CaWO6,0.722,7.92976236248617,9.809871384008192,12.67419454063265,5.0184,10.13794276237567
Ba2Sc2O5,0.7000000000000002,7.318431690446156,20.610121782668465,2.5147612385648817,4.626200000000001,10.147771570559833
Sr2CaMoO6,0.7160000000000001,7.83558725632046,9.683775433980108,12.945082624802511,3.8768,10.15481510503436
Cd2SnO4,0.668,1.6057316362092802,26.463541986614352,2.426053821611476,2.0395,10.165109148145037
Ca2MgWO6,0.7359999999999999,7.360105027541487,13.293770696893796,9.90897752505415,5.2136,10.187617749829812
Na3AuO3,0.5640000000000001,2.985556177004424,2.985556177004424,24.594553867334653,4.5717,10.188555407114501
NaIn(WO4)2,0.7520000000000002,24.24330432890341,5.343995809116645,1.2228240174503715,5.1475,10.270041385156809
Ca2GeO4,0.702,21.552464946225303,2.2053709763825298,7.075265640282921,6.629499999999999,10.277700520963585
GaAsO4,0.7320000000000002,11.1814836578993,11.181483662006295,8.521786146414001,6.5921,10.294917822106532
Ba3NbGa3(SiO7)2,0.7240000000000001,14.530665088406776,14.530665120415918,1.848454250928968,6.0077,10.303261486583887
LiScSiO4,0.736,15.081326502713903,1.245001115227334,14.634222687286549,7.6304,10.32018343507593
Na2BeB2O5,0.7240000000000001,6.525383087549624,9.111378868390531,15.547528393580368,9.0402,10.394763449840175
NaAuO2,0.526,15.853931644186574,1.1643732891814005,14.2973470839596,3.3324000000000003,10.438550672442526
Rb2CdO2,0.6240000000000001,19.237611763807497,7.99884459476346,4.235942061370226,3.5466,10.490799473313727
LaTiSbO6,0.7300000000000001,13.97618759823324,13.976187593033458,3.605363448224294,4.793799999999999,10.519246213163663
KSbO3,0.726,6.099736269665156,6.0997362889388675,19.44687066361679,5.7535,10.548781074073604
SrZnO2,0.6359999999999999,0.7082790853440418,5.758974860085814,25.473433726299863,4.6731,10.646895890576573
Ca2Sn3O8,0.718,9.97058903352926,3.0315894059389605,19.043872851182144,5.1969,10.682017096883456
La2ReO5,0.384,15.234332052646437,15.228361969369114,1.5948096655773008,2.2658000000000005,10.68583456253095
CsSbO2,0.416,13.007143240737127,13.50283427961566,5.822025926640049,4.3255,10.777334482330945
Rb2CrO4,0.7280000000000002,5.755877456706504,11.937581701068044,14.727481892097792,5.9911,10.806980349957447
KY(WO4)2,0.7460000000000002,4.85914638256377,21.663854614617147,6.100546652012535,5.2547,10.874515883064483
K2Zr(BO3)2,0.774,1.1705878802838414,1.170587879598631,30.642821030424145,6.705500000000001,10.994665596768874
Na3Ca2BiO6,0.7010000000000001,3.910148647874216,23.319871456288144,5.76521231123031,4.0083,10.99841080513089
KBaY(BO3)2,0.759,1.1453983150093427,1.1453983182253245,30.92039452346397,7.121,11.07039705223288
Sr2MgSi2O7,0.7039999999999998,15.896048380655078,15.896048380655078,1.541781809845698,7.9994,11.11129285705195
RbBO2,0.7120000000000001,7.387190314950841,7.387190311416697,18.80564750844576,7.9606,11.193342711604432
Na3BiO3,0.5450000000000002,11.295614055892578,11.295614055892578,11.295614055892578,4.9333,11.295614055892578
NaSbO3,0.726,8.869030793224445,8.86903079521838,16.94316262937456,5.8289,11.560408072605796
RbNaTiO3,0.71,20.979035027574003,12.957063197792976,0.9586485561588596,6.1173,11.631582260508614
Sr2Zr7O16,0.72,2.2623348200596154,2.262334820878734,30.39112776991749,5.9818,11.638599136951946
TiNb6Tl2O18,0.5619999999999999,10.211777424596852,10.211777441267234,14.537824346458564,3.792,11.653793070774215
Ba3SrTa2O9,0.7140000000000002,10.22362247841838,10.223622486092763,14.605642348656934,6.374499999999999,11.684295771056027
CsAuO2,0.52,4.928703924837968,29.36492011671096,0.8276413377682189,4.3754,11.70708845977238
LaCuO2,0.096,2.2786708881689814,2.2786708723914275,30.70681386578593,4.3431,11.754718542115446
Ba2Ti(SiO4)2,0.7380000000000001,1.9010546324793505,1.9010546324793505,31.77918876956586,6.7125,11.860432678174853
RbY(WO4)2,0.7420000000000002,5.23178423320111,26.168643266783107,4.43378928626112,5.2105,11.944738928748444
Ba2MgGe2O7,0.6859999999999999,14.593544696156636,14.593544696156629,6.766791127052631,6.6364,11.984626839788632
TiNb3O6,0.108,1.7580376450982915,1.7580376520779937,32.48138817157381,0.9491999999999998,11.999154489583367
HfGeO4,0.7639999999999999,2.416834778493751,2.414971294515086,31.261018084146368,6.3398,12.030941385718402
KLa2NbO6,0.692,6.285883771013356,2.0206637682406288,28.027893676917017,5.8961,12.111480405390333
CsNa2BO3,0.726,1.1332896252403049,16.727648290561795,18.81068713892725,7.0503,12.223875018243115
Rb3BiO3,0.513,12.330987612867435,12.330987612867435,12.33098761286744,5.4279,12.330987612867437
RbNa2AuO2,0.498,10.60364183816798,14.709540597480986,12.277757292853307,4.418,12.53031324283409
Na4SnO4,0.692,9.54407300420153,14.41670590682248,13.635182274035248,5.2526,12.53198706168642
Na2ZnSiO4,0.668,21.052140892042036,2.7957435029532873,13.853700922429596,7.136699999999999,12.567195105808304
ZrGeO4,0.7639999999999999,2.381614415481512,2.379381671136392,33.31963578049815,5.9516,12.693543955705351
B2O3,0.7530000000000001,7.849037305952312,7.849037279128422,22.685267820130644,10.3086,12.794447468403794
KNa2AuO2,0.512,11.847714608385148,16.40885115358446,10.990140218957976,4.5612,13.082235326975862
Cs2PbO2,0.476,3.713569430784504,1.2932604883559915,34.87495191315184,3.3920999999999997,13.293927277430777
CsK2AuO2,0.502,14.825815713442475,10.468259025806102,14.831561477118942,4.3199000000000005,13.375212072122508
AlAsO4,0.716,13.088889564491224,13.094520959851618,14.11141911849501,8.8575,13.43160988094595
NaCaAsO4,0.7279999999999998,9.361543143434846,2.704169619793853,28.39043309940994,7.345,13.485381954212878
Mg2SnO4,0.7200000000000001,1.10124434522199,22.66033145648031,16.946904581289328,5.5026,13.569493460997208
Rb2SnO3,0.6639999999999999,34.59128288950488,3.4790056071085096,2.7768723353076807,5.1601,13.615720277307025
NaLaO2,0.654,0.7158099814426582,0.7158099814426582,39.77841708971959,5.3908000000000005,13.736679017534968
KLaTiO4,0.682,5.9695462673208395,5.9695462673208395,29.53103443007609,4.1693,13.823375654905924
Na3VO4,0.714,9.53175678657035,21.116353195334007,11.221885791728852,7.5168,13.956665257877736
Sr2MgGe2O7,0.6940000000000002,17.796921902170084,17.796921902170084,6.559378390596478,6.6930000000000005,14.051074064978883
Na3TlO2,0.454,37.64444787531437,3.4997703523755543,1.6536714724890944,3.1069,14.265963233393007
Na4GeO4,0.6980000000000001,12.410066516625657,17.556793514376178,12.93096332846452,6.4997,14.299274453155453
K4TiO4,0.668,11.43531882739731,10.782638238371504,20.80357353612308,6.2468,14.340510200630632
Ba2ZnO3,0.6120000000000001,1.0183069143556966,29.826370606186018,12.263513377968396,4.947,14.369396966170036
K2SrTa2O7,0.7459999999999999,2.57297578445671,2.57297578445671,38.07319257406966,4.1107,14.40638138099436
NaBiO3,0.726,7.151318682274947,7.151318655560172,29.257886602369325,2.997,14.520174646734816
Cs3InO3,0.624,11.74448383623771,11.843744792098471,20.252569364524657,4.5583,14.613599330953614
Cs2BeO2,0.6400000000000001,32.3416351065371,1.7461920354919915,10.164526533631564,5.4793,14.750784558553553
Na3BO3,0.7240000000000002,10.603750771718476,18.405426301722105,15.38568161352728,7.2872,14.798286228989289
Cs2Li2GeO4,0.6600000000000001,3.274109444953311,36.440431906232035,4.84485498101879,6.633,14.853132110734713
Cs3AuO,0.612,11.835140362602557,11.83514034196186,20.931256526352513,2.8615,14.867179076972311
Rb2Be2O3,0.7240000000000001,41.00180601319528,0.874043137921482,2.7566139504324556,5.6984,14.877487700516404
Cs2Al2Sb2O7,0.369,6.2616806925276975,6.261680683427362,32.619473116005565,5.8152,15.04761149732021
Na4TiO4,0.686,12.39603219956672,14.210619712523096,18.83521454372695,6.698,15.147288818605588
Rb2Li2GeO4,0.682,4.322202401878166,27.736515114080515,14.238793640779948,6.8194,15.432503718912876
NaLiV2O6,0.7280000000000002,8.617532930091661,24.545554487030273,13.45707439088403,5.4384999999999994,15.54005393600199
KAuO2,0.532,40.57590479980961,6.428810030724901,0.8508879821715831,4.307,15.951867604235366
Na4SiO4,0.708,20.371620720000426,13.302622600480817,14.751811012812745,7.3149,16.142018111097993
Na2Zn(SiO3)2,0.6260000000000002,11.97563039612011,12.432481988370226,24.71875407236615,8.0628,16.375622152285498
LiInGeO4,0.7319999999999999,42.61509025204144,0.8935817710615481,6.130932495855735,4.8552,16.546534839652907
Ba2MgSi2O7,0.6980000000000001,23.139105754236972,23.139105754236972,3.4806951313433525,7.7968,16.586302213272432
Na5NbO5,0.7079999999999999,4.704297989952433,32.01986945718621,13.935739451957163,5.678999999999999,16.886635633031933
K4SnO4,0.66,14.089572829837325,16.126510963291064,20.51798568080788,5.5478000000000005,16.91135649131209
Na5TaO5,0.7099999999999999,5.03527457700539,30.853505234983032,15.23005544059492,5.7491,17.039611750861113
Cs3TlO3,0.6200000000000001,33.985806790484965,8.890199552696705,8.292691229998498,3.826,17.05623252439339
KNaTiO3,0.7340000000000001,2.1214493964958083,47.963305089947944,1.342224813487188,6.3111,17.142326433310313
Cs2NaAsO4,0.71,21.111405601507744,3.2319261854500843,27.9028195951725,7.2421,17.415383794043443
Zn(PtO2)3,0.098,23.03767805160098,29.80636739449393,0.1751070780059566,0.6974,17.673050841366955
Cd2BiAsO6,0.532,44.829150098530505,4.316346605407729,4.559777984993314,3.5425,17.90175822964385
As2Pb3O8,0.558,2.7103883661144863,1.2113390357966,50.81598819745263,4.9917,18.245905199787906
KCuO2,0.54,44.165251147090984,9.76808573407894,0.8714559907446021,3.838,18.268264290638175
RbTaO3,0.7400000000000002,22.01504268624044,12.566237940338278,20.278936328036902,5.9054,18.286738984871874
Cs3GaO3,0.64,26.957777584222768,10.412802557633812,17.791771368575542,5.2515,18.38745050347737
RbAuO,0.488,26.52643472604834,26.52643472604834,2.355919797906104,3.4571000000000005,18.469596416667596
Na14Cd2O9,0.636,17.535468008691364,17.535468001761544,21.639169746291568,3.9582,18.903368585581493
Mg3(AsO4)2,0.7300000000000001,3.3741771892293415,34.57884175892386,18.902748251760276,7.641299999999999,18.951922399971156
Cs3AlGe2O7,0.6500000000000001,28.8899110710099,13.310083066062496,15.31041702912799,6.7513,19.17013705540013
K2SnO3,0.672,3.453687321449224,49.89481225722616,4.761559107026557,5.1762,19.370019561900644
KNaGeO3,0.684,2.4717346931466664,10.563186551655232,45.26888951872315,6.4593,19.434603587841682
Sr2GeO4,0.7080000000000001,5.065391986642906,11.451478023762869,42.18327151332484,6.4398,19.566713841243537
CaGa4O7,0.7380000000000001,19.128528721246106,38.0926821072268,1.539137063348831,5.66,19.586782630607246
K3SbO3,0.44,19.64862364091713,19.64862364091713,19.64862364091713,5.6876,19.64862364091713
K2LiVO4,0.714,25.92730994750174,25.580666975858364,8.23907662137682,6.9994,19.915684514912307
NaYSiO4,0.7260000000000002,55.96639282309169,1.4124662096136689,3.543161671915327,7.6246,20.30734023487356
Na3AsO4,0.716,12.993860867171362,35.74022653474906,12.751645317372963,7.6113,20.495244239764464
Li4Ca(BO3)2,0.7240000000000002,15.081214583893956,5.6687704824919045,41.59208909757277,8.5269,20.78069138798621
Cs2Al2As2O7,0.43,5.285914404288806,1.818152641295764,55.603606194664906,6.2103,20.902557746749824
K3AlO3,0.66,16.090852915205335,28.02854119453741,19.841067471320297,6.2168,21.32015386035435
Rb3GaO3,0.644,9.850179174471943,38.0364692827496,16.17213147523129,5.5169,21.352926644150944
Rb2ZrO3,0.6839999999999999,62.601974566531986,1.9301892245869023,1.2248008943360342,6.476999999999999,21.918988228484974
La(SbO3)3,0.7620000000000002,1.4935313085916262,1.4158128984806946,63.58071060565483,3.9208,22.163351604242383
Rb3CuO2,0.44,22.17469492077254,14.335127798144375,30.689537190284433,4.3256,22.39978663640045
CaAlBO4,0.7080000000000001,12.660284766551106,46.05591177273528,13.604990313094952,8.4903,24.107062284127114
Na4B2O5,0.728,9.886118367700032,21.58457449651655,41.02461451436806,8.1116,24.165102459528214
K6Si2O7,0.6799999999999997,37.313397294816355,9.90149809519382,25.906007416418195,7.1823999999999995,24.373634268809454
CsNaTiO3,0.68,54.79680520115215,17.821745366123853,0.5714021974473579,5.7097,24.39665092157445
BaBAsO5,0.7690000000000001,37.66240934169199,37.662409277352495,0.624365215402397,6.9623,25.316394611482295
Rb3InO3,0.632,19.174839280766577,27.097864529745685,32.788563622180895,4.6528,26.35375581089772
K2ZrO3,0.688,1.549665959929062,76.23226901322258,2.046859855190911,6.6073,26.609598276114184
Rb2Li2SiO4,0.6900000000000002,4.811721099391402,55.96009098672399,19.14500513795203,7.5932,26.638939074689137
Rb6CdO4,0.597,36.35749287849933,36.357492831508786,7.372171005142088,3.6271,26.695718905050068
Cs3AlO3,0.638,20.974811479333734,48.96223587020852,10.69841004901681,5.0683,26.87848579951969
K3BiO3,0.517,27.25179351681092,27.25179351681092,27.25179351681092,5.1759,27.25179351681092
K6CdO4,0.6000000000000001,30.581810265176586,30.581810278641143,20.80536849866317,3.8983,27.322996347493632
K4PbO4,0.66,26.498565426342054,35.23838145601861,23.421960349618217,4.4668,28.386302410659624
NaCuO,0.132,42.196151824046574,42.196151824046574,3.207410045355744,3.4092,29.199904564482964
KLi2BO3,0.7160000000000002,39.08163426341428,3.376772325454328,49.27037907931028,8.0985,30.576261889392963
Na3SbO4,0.708,31.038228868930126,48.60457809609031,17.73636880463628,5.3809,32.45972525655224
Ba(AsO3)2,0.7480000000000001,4.881514663366421,91.82119453551228,1.043299169088766,5.7362,32.58200278932249
Rb3TlO3,0.6319999999999999,33.979373892397724,7.8482470722463695,57.31305927750599,3.853099999999999,33.04689341405003
K2LiBO3,0.718,64.08644400508679,30.495438683135102,8.83524748326226,7.4663,34.472376723828056
K2PbO3,0.692,20.945979267961636,20.945979222281256,63.231333662698226,2.8844000000000003,35.04109738431371
CsNb2BiO7,0.5820000000000001,99.17089036465823,4.1453746640738185,4.051270412714501,3.9603,35.789178480482185
K2TiO3,0.714,106.96134488708036,1.908848929318175,0.889501191854474,6.0828,36.586565002751
K3GaO3,0.656,14.16434510113898,83.39931618590934,18.79637976006005,5.756600000000001,38.786680349036125
K3V5O14,0.736,1.9032421420837728,1.903242139475949,123.3837192585073,3.7501,42.396734513355675
SrGa4O7,0.7360000000000001,41.546430921913405,84.27545230559713,3.5188714990060843,5.580699999999999,43.113584908838874
NaYGeO4,0.7180000000000001,127.2417621528822,1.3280542316574295,4.38878895074787,6.6477,44.3195351117625
YAl3(BO3)4,0.7540000000000001,34.191780566997046,34.19178063143233,81.3083737791587,8.7597,49.89731165919602
SrAl4O7,0.736,56.000240329167944,91.90568202357748,5.0712642744186,7.3343,50.99239554238801
Cs2CrO4,0.7000000000000001,3.6461945718987554,6.059154343425454,144.32062285503557,5.858499999999999,51.34199059011993
RbCuO,0.42,78.26493868813846,78.26493868813847,1.8904168103745291,3.8576,52.80676472888382
Cs2PbO3,0.7260000000000001,54.22053345775221,110.72046738735752,0.8339343318572229,3.5694999999999997,55.25831172565565
K4Hf5O12,0.738,1.318255929645858,1.3182559303687855,163.47253725080714,5.4055,55.36968303694059
K3BiO4,0.6920000000000001,2.038057714545425,148.49220843456976,46.00876990624564,3.9256,65.51301201845361
Rb2PbO3,0.716,0.910586543875907,31.09139291650217,181.12504958813489,3.5368,71.04234301617099
Na2TiSiO5,0.7679999999999999,1.724676148304963,1.724676148304963,220.13655286248064,6.1271,74.52863505303019
Na2TiGeO5,0.7519999999999999,2.0171443105590483,2.017144310559048,232.9162746646693,6.2748,78.98352109526246
RbAgO,0.54,136.9398199948348,136.9398199948348,1.453055477285529,3.7169,91.77756515565171
CsAuO,0.496,169.7020996759117,169.7020996759117,1.802632813891314,3.1273,113.7356107219049
Na3BeAl(SiO4)2,0.728,2.4031900622972047,2.356597422791988,340.1044586452505,8.5051,114.95474871011322
K3ScSi2O7,0.7439999999999998,1.1925947665907648,1.1925947661672305,393.1444609011824,6.7552,131.84321681131345
K2PdO2,0.398,0.9915336415347143,4.015907679817628,397.4652333743623,3.8509,134.1575582319049
K2HgO2,0.64,2.9811189623953074,2.981118962395306,473.6232615043867,4.7161,159.8618331430591
K2W2O7,0.7750000000000001,1.006337371810718,574.0976343912313,54.169482538276355,4.0556,209.75781810043944
BaGa4O7,0.7320000000000001,664.6988875352567,168.48113844083434,45.872780584740944,5.4052,293.017602186944
VCd2BiO6,0.552,1227.7937351731346,25.38298000111601,1.5239740457106614,3.6101,418.23356307332045
KNaLaTaO5,0.706,1.3345355295766768,1.3345355295766768,1634.93036247772,6.2366,545.8664778456244
Rb2Hf2O5,0.764,1.1049275442535291,1.1049275442535291,1736.8887349442405,4.1734,579.6995300109159
Ba3In2O6,0.736,0.6052567120031845,0.6052567120031846,1804.6056390515275,2.5153999999999996,601.9387174918446
Rb2W2O7,0.774,0.945397279669235,1865.639427378065,17.94681622336208,4.1155,628.1772136270321
K2BeO2,0.666,2.0476148988625167,59.486420132000504,1851.8968877430077,6.2717,637.8103075912902
KNaLaNbO5,0.704,1.2900851876004544,1.2900851876004544,1985.1409879640744,6.0362,662.5737194464251
Ba2InGaO5,0.728,5827.35548830525,0.6180150271621888,0.39477454676529,3.5417000000000005,1942.7894259597258
BaNaSc(BO3)2,0.766,0.989781718554558,0.989781720865114,5830.113884836934,7.0066,1944.031149425451
Ba2In2O5,0.728,10414.651895305682,0.6151139800362293,0.4093906231592067,2.6029,3471.8921333029593
